task,target_context_length,method,depth_bin,n,mean_ruler_score_pct,mean_required_answer_token_recall,all_correct_rate
niah_multikey_1,8192,full_context,0-20,1,100.0,1.0,1.0
niah_multikey_1,8192,full_context,20-40,1,100.0,1.0,1.0
niah_multikey_1,8192,full_context,40-60,1,100.0,1.0,1.0
niah_multikey_1,8192,full_context,60-80,1,100.0,1.0,1.0
niah_multikey_1,8192,full_context,80-100,1,100.0,1.0,1.0
niah_multikey_1,8192,kiaomni_gaussian_r0.0625,0-20,1,100.0,1.0,1.0
niah_multikey_1,8192,kiaomni_gaussian_r0.0625,20-40,1,100.0,1.0,1.0
niah_multikey_1,8192,kiaomni_gaussian_r0.0625,40-60,1,100.0,1.0,1.0
niah_multikey_1,8192,kiaomni_gaussian_r0.0625,60-80,1,100.0,1.0,1.0
niah_multikey_1,8192,kiaomni_gaussian_r0.0625,80-100,1,100.0,1.0,1.0
niah_multikey_1,8192,kiaomni_gaussian_r0.125,0-20,1,100.0,1.0,1.0
niah_multikey_1,8192,kiaomni_gaussian_r0.125,20-40,1,100.0,1.0,1.0
niah_multikey_1,8192,kiaomni_gaussian_r0.125,40-60,1,100.0,1.0,1.0
niah_multikey_1,8192,kiaomni_gaussian_r0.125,60-80,1,100.0,1.0,1.0
niah_multikey_1,8192,kiaomni_gaussian_r0.125,80-100,1,100.0,1.0,1.0
niah_multikey_1,8192,kiaomni_gaussian_r0.25,0-20,1,100.0,1.0,1.0
niah_multikey_1,8192,kiaomni_gaussian_r0.25,20-40,1,100.0,1.0,1.0
niah_multikey_1,8192,kiaomni_gaussian_r0.25,40-60,1,100.0,1.0,1.0
niah_multikey_1,8192,kiaomni_gaussian_r0.25,60-80,1,100.0,1.0,1.0
niah_multikey_1,8192,kiaomni_gaussian_r0.25,80-100,1,100.0,1.0,1.0
niah_multikey_1,8192,kiaomni_s8_r0.0625,0-20,1,100.0,1.0,1.0
niah_multikey_1,8192,kiaomni_s8_r0.0625,20-40,1,100.0,1.0,1.0
niah_multikey_1,8192,kiaomni_s8_r0.0625,40-60,1,100.0,1.0,1.0
niah_multikey_1,8192,kiaomni_s8_r0.0625,60-80,1,100.0,1.0,1.0
niah_multikey_1,8192,kiaomni_s8_r0.0625,80-100,1,100.0,1.0,1.0
niah_multikey_1,8192,kiaomni_s8_r0.125,0-20,1,100.0,1.0,1.0
niah_multikey_1,8192,kiaomni_s8_r0.125,20-40,1,100.0,1.0,1.0
niah_multikey_1,8192,kiaomni_s8_r0.125,40-60,1,100.0,1.0,1.0
niah_multikey_1,8192,kiaomni_s8_r0.125,60-80,1,100.0,1.0,1.0
niah_multikey_1,8192,kiaomni_s8_r0.125,80-100,1,100.0,1.0,1.0
niah_multikey_1,8192,kiaomni_s8_r0.25,0-20,1,100.0,1.0,1.0
niah_multikey_1,8192,kiaomni_s8_r0.25,20-40,1,100.0,1.0,1.0
niah_multikey_1,8192,kiaomni_s8_r0.25,40-60,1,100.0,1.0,1.0
niah_multikey_1,8192,kiaomni_s8_r0.25,60-80,1,100.0,1.0,1.0
niah_multikey_1,8192,kiaomni_s8_r0.25,80-100,1,100.0,1.0,1.0
niah_multikey_1,16384,full_context,0-20,1,100.0,1.0,1.0
niah_multikey_1,16384,full_context,20-40,1,100.0,1.0,1.0
niah_multikey_1,16384,full_context,40-60,1,100.0,1.0,1.0
niah_multikey_1,16384,full_context,60-80,1,100.0,1.0,1.0
niah_multikey_1,16384,full_context,80-100,1,100.0,1.0,1.0
niah_multikey_1,16384,kiaomni_gaussian_r0.0625,0-20,1,100.0,1.0,1.0
niah_multikey_1,16384,kiaomni_gaussian_r0.0625,20-40,1,100.0,1.0,1.0
niah_multikey_1,16384,kiaomni_gaussian_r0.0625,40-60,1,100.0,1.0,1.0
niah_multikey_1,16384,kiaomni_gaussian_r0.0625,60-80,1,100.0,1.0,1.0
niah_multikey_1,16384,kiaomni_gaussian_r0.0625,80-100,1,100.0,1.0,1.0
niah_multikey_1,16384,kiaomni_gaussian_r0.125,0-20,1,100.0,1.0,1.0
niah_multikey_1,16384,kiaomni_gaussian_r0.125,20-40,1,100.0,1.0,1.0
niah_multikey_1,16384,kiaomni_gaussian_r0.125,40-60,1,100.0,1.0,1.0
niah_multikey_1,16384,kiaomni_gaussian_r0.125,60-80,1,100.0,1.0,1.0
niah_multikey_1,16384,kiaomni_gaussian_r0.125,80-100,1,100.0,1.0,1.0
niah_multikey_1,16384,kiaomni_gaussian_r0.25,0-20,1,100.0,1.0,1.0
niah_multikey_1,16384,kiaomni_gaussian_r0.25,20-40,1,100.0,1.0,1.0
niah_multikey_1,16384,kiaomni_gaussian_r0.25,40-60,1,100.0,1.0,1.0
niah_multikey_1,16384,kiaomni_gaussian_r0.25,60-80,1,100.0,1.0,1.0
niah_multikey_1,16384,kiaomni_gaussian_r0.25,80-100,1,100.0,1.0,1.0
niah_multikey_1,16384,kiaomni_s8_r0.0625,0-20,1,100.0,1.0,1.0
niah_multikey_1,16384,kiaomni_s8_r0.0625,20-40,1,100.0,1.0,1.0
niah_multikey_1,16384,kiaomni_s8_r0.0625,40-60,1,100.0,1.0,1.0
niah_multikey_1,16384,kiaomni_s8_r0.0625,60-80,1,100.0,1.0,1.0
niah_multikey_1,16384,kiaomni_s8_r0.0625,80-100,1,100.0,1.0,1.0
niah_multikey_1,16384,kiaomni_s8_r0.125,0-20,1,100.0,1.0,1.0
niah_multikey_1,16384,kiaomni_s8_r0.125,20-40,1,100.0,1.0,1.0
niah_multikey_1,16384,kiaomni_s8_r0.125,40-60,1,100.0,1.0,1.0
niah_multikey_1,16384,kiaomni_s8_r0.125,60-80,1,100.0,1.0,1.0
niah_multikey_1,16384,kiaomni_s8_r0.125,80-100,1,100.0,1.0,1.0
niah_multikey_1,16384,kiaomni_s8_r0.25,0-20,1,100.0,1.0,1.0
niah_multikey_1,16384,kiaomni_s8_r0.25,20-40,1,100.0,1.0,1.0
niah_multikey_1,16384,kiaomni_s8_r0.25,40-60,1,100.0,1.0,1.0
niah_multikey_1,16384,kiaomni_s8_r0.25,60-80,1,100.0,1.0,1.0
niah_multikey_1,16384,kiaomni_s8_r0.25,80-100,1,100.0,1.0,1.0
niah_multiquery,8192,full_context,0-20,1,75.0,1.0,0.0
niah_multiquery,8192,full_context,20-40,1,75.0,1.0,0.0
niah_multiquery,8192,full_context,40-60,1,75.0,1.0,0.0
niah_multiquery,8192,full_context,60-80,1,75.0,1.0,0.0
niah_multiquery,8192,full_context,80-100,1,75.0,1.0,0.0
niah_multiquery,8192,kiaomni_gaussian_r0.0625,0-20,1,75.0,1.0,0.0
niah_multiquery,8192,kiaomni_gaussian_r0.0625,20-40,1,75.0,1.0,0.0
niah_multiquery,8192,kiaomni_gaussian_r0.0625,40-60,1,75.0,1.0,0.0
niah_multiquery,8192,kiaomni_gaussian_r0.0625,60-80,1,75.0,1.0,0.0
niah_multiquery,8192,kiaomni_gaussian_r0.0625,80-100,1,75.0,1.0,0.0
niah_multiquery,8192,kiaomni_gaussian_r0.125,0-20,1,75.0,1.0,0.0
niah_multiquery,8192,kiaomni_gaussian_r0.125,20-40,1,75.0,1.0,0.0
niah_multiquery,8192,kiaomni_gaussian_r0.125,40-60,1,75.0,1.0,0.0
niah_multiquery,8192,kiaomni_gaussian_r0.125,60-80,1,50.0,1.0,0.0
niah_multiquery,8192,kiaomni_gaussian_r0.125,80-100,1,75.0,1.0,0.0
niah_multiquery,8192,kiaomni_gaussian_r0.25,0-20,1,75.0,1.0,0.0
niah_multiquery,8192,kiaomni_gaussian_r0.25,20-40,1,75.0,1.0,0.0
niah_multiquery,8192,kiaomni_gaussian_r0.25,40-60,1,75.0,1.0,0.0
niah_multiquery,8192,kiaomni_gaussian_r0.25,60-80,1,50.0,1.0,0.0
niah_multiquery,8192,kiaomni_gaussian_r0.25,80-100,1,75.0,1.0,0.0
niah_multiquery,8192,kiaomni_s8_r0.0625,0-20,1,75.0,1.0,0.0
niah_multiquery,8192,kiaomni_s8_r0.0625,20-40,1,75.0,1.0,0.0
niah_multiquery,8192,kiaomni_s8_r0.0625,40-60,1,75.0,1.0,0.0
niah_multiquery,8192,kiaomni_s8_r0.0625,60-80,1,75.0,1.0,0.0
niah_multiquery,8192,kiaomni_s8_r0.0625,80-100,1,75.0,1.0,0.0
niah_multiquery,8192,kiaomni_s8_r0.125,0-20,1,75.0,1.0,0.0
niah_multiquery,8192,kiaomni_s8_r0.125,20-40,1,75.0,1.0,0.0
niah_multiquery,8192,kiaomni_s8_r0.125,40-60,1,75.0,1.0,0.0
niah_multiquery,8192,kiaomni_s8_r0.125,60-80,1,50.0,1.0,0.0
niah_multiquery,8192,kiaomni_s8_r0.125,80-100,1,75.0,1.0,0.0
niah_multiquery,8192,kiaomni_s8_r0.25,0-20,1,75.0,1.0,0.0
niah_multiquery,8192,kiaomni_s8_r0.25,20-40,1,75.0,1.0,0.0
niah_multiquery,8192,kiaomni_s8_r0.25,40-60,1,50.0,1.0,0.0
niah_multiquery,8192,kiaomni_s8_r0.25,60-80,1,50.0,1.0,0.0
niah_multiquery,8192,kiaomni_s8_r0.25,80-100,1,75.0,1.0,0.0
niah_multiquery,16384,full_context,0-20,1,50.0,1.0,0.0
niah_multiquery,16384,full_context,20-40,1,50.0,1.0,0.0
niah_multiquery,16384,full_context,40-60,1,50.0,1.0,0.0
niah_multiquery,16384,full_context,60-80,1,75.0,1.0,0.0
niah_multiquery,16384,full_context,80-100,1,50.0,1.0,0.0
niah_multiquery,16384,kiaomni_gaussian_r0.0625,0-20,1,50.0,1.0,0.0
niah_multiquery,16384,kiaomni_gaussian_r0.0625,20-40,1,50.0,1.0,0.0
niah_multiquery,16384,kiaomni_gaussian_r0.0625,40-60,1,50.0,1.0,0.0
niah_multiquery,16384,kiaomni_gaussian_r0.0625,60-80,1,75.0,1.0,0.0
niah_multiquery,16384,kiaomni_gaussian_r0.0625,80-100,1,75.0,1.0,0.0
niah_multiquery,16384,kiaomni_gaussian_r0.125,0-20,1,50.0,1.0,0.0
niah_multiquery,16384,kiaomni_gaussian_r0.125,20-40,1,50.0,1.0,0.0
niah_multiquery,16384,kiaomni_gaussian_r0.125,40-60,1,50.0,1.0,0.0
niah_multiquery,16384,kiaomni_gaussian_r0.125,60-80,1,75.0,1.0,0.0
niah_multiquery,16384,kiaomni_gaussian_r0.125,80-100,1,50.0,1.0,0.0
niah_multiquery,16384,kiaomni_gaussian_r0.25,0-20,1,75.0,1.0,0.0
niah_multiquery,16384,kiaomni_gaussian_r0.25,20-40,1,50.0,1.0,0.0
niah_multiquery,16384,kiaomni_gaussian_r0.25,40-60,1,50.0,1.0,0.0
niah_multiquery,16384,kiaomni_gaussian_r0.25,60-80,1,75.0,1.0,0.0
niah_multiquery,16384,kiaomni_gaussian_r0.25,80-100,1,75.0,1.0,0.0
niah_multiquery,16384,kiaomni_s8_r0.0625,0-20,1,50.0,1.0,0.0
niah_multiquery,16384,kiaomni_s8_r0.0625,20-40,1,50.0,1.0,0.0
niah_multiquery,16384,kiaomni_s8_r0.0625,40-60,1,50.0,1.0,0.0
niah_multiquery,16384,kiaomni_s8_r0.0625,60-80,1,75.0,1.0,0.0
niah_multiquery,16384,kiaomni_s8_r0.0625,80-100,1,50.0,1.0,0.0
niah_multiquery,16384,kiaomni_s8_r0.125,0-20,1,50.0,1.0,0.0
niah_multiquery,16384,kiaomni_s8_r0.125,20-40,1,50.0,1.0,0.0
niah_multiquery,16384,kiaomni_s8_r0.125,40-60,1,50.0,1.0,0.0
niah_multiquery,16384,kiaomni_s8_r0.125,60-80,1,75.0,1.0,0.0
niah_multiquery,16384,kiaomni_s8_r0.125,80-100,1,50.0,1.0,0.0
niah_multiquery,16384,kiaomni_s8_r0.25,0-20,1,50.0,1.0,0.0
niah_multiquery,16384,kiaomni_s8_r0.25,20-40,1,75.0,1.0,0.0
niah_multiquery,16384,kiaomni_s8_r0.25,40-60,1,75.0,1.0,0.0
niah_multiquery,16384,kiaomni_s8_r0.25,60-80,1,75.0,1.0,0.0
niah_multiquery,16384,kiaomni_s8_r0.25,80-100,1,75.0,1.0,0.0
niah_multivalue,8192,full_context,0-20,1,100.0,1.0,1.0
niah_multivalue,8192,full_context,20-40,1,100.0,1.0,1.0
niah_multivalue,8192,full_context,40-60,1,75.0,1.0,0.0
niah_multivalue,8192,full_context,60-80,1,100.0,1.0,1.0
niah_multivalue,8192,full_context,80-100,1,100.0,1.0,1.0
niah_multivalue,8192,kiaomni_gaussian_r0.0625,0-20,1,100.0,1.0,1.0
niah_multivalue,8192,kiaomni_gaussian_r0.0625,20-40,1,100.0,1.0,1.0
niah_multivalue,8192,kiaomni_gaussian_r0.0625,40-60,1,100.0,1.0,1.0
niah_multivalue,8192,kiaomni_gaussian_r0.0625,60-80,1,100.0,1.0,1.0
niah_multivalue,8192,kiaomni_gaussian_r0.0625,80-100,1,100.0,1.0,1.0
niah_multivalue,8192,kiaomni_gaussian_r0.125,0-20,1,100.0,1.0,1.0
niah_multivalue,8192,kiaomni_gaussian_r0.125,20-40,1,100.0,1.0,1.0
niah_multivalue,8192,kiaomni_gaussian_r0.125,40-60,1,100.0,1.0,1.0
niah_multivalue,8192,kiaomni_gaussian_r0.125,60-80,1,100.0,1.0,1.0
niah_multivalue,8192,kiaomni_gaussian_r0.125,80-100,1,100.0,1.0,1.0
niah_multivalue,8192,kiaomni_gaussian_r0.25,0-20,1,75.0,1.0,0.0
niah_multivalue,8192,kiaomni_gaussian_r0.25,20-40,1,100.0,1.0,1.0
niah_multivalue,8192,kiaomni_gaussian_r0.25,40-60,1,100.0,1.0,1.0
niah_multivalue,8192,kiaomni_gaussian_r0.25,60-80,1,100.0,1.0,1.0
niah_multivalue,8192,kiaomni_gaussian_r0.25,80-100,1,100.0,1.0,1.0
niah_multivalue,8192,kiaomni_s8_r0.0625,0-20,1,100.0,1.0,1.0
niah_multivalue,8192,kiaomni_s8_r0.0625,20-40,1,100.0,1.0,1.0
niah_multivalue,8192,kiaomni_s8_r0.0625,40-60,1,100.0,1.0,1.0
niah_multivalue,8192,kiaomni_s8_r0.0625,60-80,1,100.0,1.0,1.0
niah_multivalue,8192,kiaomni_s8_r0.0625,80-100,1,100.0,1.0,1.0
niah_multivalue,8192,kiaomni_s8_r0.125,0-20,1,75.0,1.0,0.0
niah_multivalue,8192,kiaomni_s8_r0.125,20-40,1,100.0,1.0,1.0
niah_multivalue,8192,kiaomni_s8_r0.125,40-60,1,100.0,1.0,1.0
niah_multivalue,8192,kiaomni_s8_r0.125,60-80,1,100.0,1.0,1.0
niah_multivalue,8192,kiaomni_s8_r0.125,80-100,1,100.0,1.0,1.0
niah_multivalue,8192,kiaomni_s8_r0.25,0-20,1,75.0,1.0,0.0
niah_multivalue,8192,kiaomni_s8_r0.25,20-40,1,100.0,1.0,1.0
niah_multivalue,8192,kiaomni_s8_r0.25,40-60,1,75.0,1.0,0.0
niah_multivalue,8192,kiaomni_s8_r0.25,60-80,1,100.0,1.0,1.0
niah_multivalue,8192,kiaomni_s8_r0.25,80-100,1,100.0,1.0,1.0
niah_multivalue,16384,full_context,0-20,1,100.0,1.0,1.0
niah_multivalue,16384,full_context,20-40,1,100.0,1.0,1.0
niah_multivalue,16384,full_context,40-60,1,50.0,1.0,0.0
niah_multivalue,16384,full_context,60-80,1,100.0,1.0,1.0
niah_multivalue,16384,full_context,80-100,1,100.0,1.0,1.0
niah_multivalue,16384,kiaomni_gaussian_r0.0625,0-20,1,100.0,1.0,1.0
niah_multivalue,16384,kiaomni_gaussian_r0.0625,20-40,1,100.0,1.0,1.0
niah_multivalue,16384,kiaomni_gaussian_r0.0625,40-60,1,100.0,1.0,1.0
niah_multivalue,16384,kiaomni_gaussian_r0.0625,60-80,1,100.0,1.0,1.0
niah_multivalue,16384,kiaomni_gaussian_r0.0625,80-100,1,75.0,1.0,0.0
niah_multivalue,16384,kiaomni_gaussian_r0.125,0-20,1,100.0,1.0,1.0
niah_multivalue,16384,kiaomni_gaussian_r0.125,20-40,1,100.0,1.0,1.0
niah_multivalue,16384,kiaomni_gaussian_r0.125,40-60,1,100.0,1.0,1.0
niah_multivalue,16384,kiaomni_gaussian_r0.125,60-80,1,100.0,1.0,1.0
niah_multivalue,16384,kiaomni_gaussian_r0.125,80-100,1,75.0,1.0,0.0
niah_multivalue,16384,kiaomni_gaussian_r0.25,0-20,1,100.0,1.0,1.0
niah_multivalue,16384,kiaomni_gaussian_r0.25,20-40,1,100.0,1.0,1.0
niah_multivalue,16384,kiaomni_gaussian_r0.25,40-60,1,100.0,1.0,1.0
niah_multivalue,16384,kiaomni_gaussian_r0.25,60-80,1,100.0,1.0,1.0
niah_multivalue,16384,kiaomni_gaussian_r0.25,80-100,1,100.0,1.0,1.0
niah_multivalue,16384,kiaomni_s8_r0.0625,0-20,1,100.0,1.0,1.0
niah_multivalue,16384,kiaomni_s8_r0.0625,20-40,1,100.0,1.0,1.0
niah_multivalue,16384,kiaomni_s8_r0.0625,40-60,1,100.0,1.0,1.0
niah_multivalue,16384,kiaomni_s8_r0.0625,60-80,1,100.0,1.0,1.0
niah_multivalue,16384,kiaomni_s8_r0.0625,80-100,1,75.0,1.0,0.0
niah_multivalue,16384,kiaomni_s8_r0.125,0-20,1,100.0,1.0,1.0
niah_multivalue,16384,kiaomni_s8_r0.125,20-40,1,100.0,1.0,1.0
niah_multivalue,16384,kiaomni_s8_r0.125,40-60,1,100.0,1.0,1.0
niah_multivalue,16384,kiaomni_s8_r0.125,60-80,1,100.0,1.0,1.0
niah_multivalue,16384,kiaomni_s8_r0.125,80-100,1,75.0,1.0,0.0
niah_multivalue,16384,kiaomni_s8_r0.25,0-20,1,100.0,1.0,1.0
niah_multivalue,16384,kiaomni_s8_r0.25,20-40,1,100.0,1.0,1.0
niah_multivalue,16384,kiaomni_s8_r0.25,40-60,1,100.0,1.0,1.0
niah_multivalue,16384,kiaomni_s8_r0.25,60-80,1,100.0,1.0,1.0
niah_multivalue,16384,kiaomni_s8_r0.25,80-100,1,100.0,1.0,1.0
niah_single_2,8192,full_context,0-20,1,100.0,1.0,1.0
niah_single_2,8192,full_context,20-40,1,100.0,1.0,1.0
niah_single_2,8192,full_context,40-60,1,100.0,1.0,1.0
niah_single_2,8192,full_context,60-80,1,100.0,1.0,1.0
niah_single_2,8192,full_context,80-100,1,100.0,1.0,1.0
niah_single_2,8192,kiaomni_gaussian_r0.0625,0-20,1,100.0,1.0,1.0
niah_single_2,8192,kiaomni_gaussian_r0.0625,20-40,1,100.0,1.0,1.0
niah_single_2,8192,kiaomni_gaussian_r0.0625,40-60,1,100.0,1.0,1.0
niah_single_2,8192,kiaomni_gaussian_r0.0625,60-80,1,100.0,1.0,1.0
niah_single_2,8192,kiaomni_gaussian_r0.0625,80-100,1,100.0,1.0,1.0
niah_single_2,8192,kiaomni_gaussian_r0.125,0-20,1,100.0,1.0,1.0
niah_single_2,8192,kiaomni_gaussian_r0.125,20-40,1,100.0,1.0,1.0
niah_single_2,8192,kiaomni_gaussian_r0.125,40-60,1,100.0,1.0,1.0
niah_single_2,8192,kiaomni_gaussian_r0.125,60-80,1,100.0,1.0,1.0
niah_single_2,8192,kiaomni_gaussian_r0.125,80-100,1,100.0,1.0,1.0
niah_single_2,8192,kiaomni_gaussian_r0.25,0-20,1,100.0,1.0,1.0
niah_single_2,8192,kiaomni_gaussian_r0.25,20-40,1,100.0,1.0,1.0
niah_single_2,8192,kiaomni_gaussian_r0.25,40-60,1,100.0,1.0,1.0
niah_single_2,8192,kiaomni_gaussian_r0.25,60-80,1,100.0,1.0,1.0
niah_single_2,8192,kiaomni_gaussian_r0.25,80-100,1,100.0,1.0,1.0
niah_single_2,8192,kiaomni_s8_r0.0625,0-20,1,100.0,1.0,1.0
niah_single_2,8192,kiaomni_s8_r0.0625,20-40,1,100.0,1.0,1.0
niah_single_2,8192,kiaomni_s8_r0.0625,40-60,1,100.0,1.0,1.0
niah_single_2,8192,kiaomni_s8_r0.0625,60-80,1,100.0,1.0,1.0
niah_single_2,8192,kiaomni_s8_r0.0625,80-100,1,100.0,1.0,1.0
niah_single_2,8192,kiaomni_s8_r0.125,0-20,1,100.0,1.0,1.0
niah_single_2,8192,kiaomni_s8_r0.125,20-40,1,100.0,1.0,1.0
niah_single_2,8192,kiaomni_s8_r0.125,40-60,1,100.0,1.0,1.0
niah_single_2,8192,kiaomni_s8_r0.125,60-80,1,100.0,1.0,1.0
niah_single_2,8192,kiaomni_s8_r0.125,80-100,1,100.0,1.0,1.0
niah_single_2,8192,kiaomni_s8_r0.25,0-20,1,100.0,1.0,1.0
niah_single_2,8192,kiaomni_s8_r0.25,20-40,1,100.0,1.0,1.0
niah_single_2,8192,kiaomni_s8_r0.25,40-60,1,100.0,1.0,1.0
niah_single_2,8192,kiaomni_s8_r0.25,60-80,1,100.0,1.0,1.0
niah_single_2,8192,kiaomni_s8_r0.25,80-100,1,100.0,1.0,1.0
niah_single_2,16384,full_context,0-20,1,100.0,1.0,1.0
niah_single_2,16384,full_context,20-40,1,100.0,1.0,1.0
niah_single_2,16384,full_context,40-60,1,100.0,1.0,1.0
niah_single_2,16384,full_context,60-80,1,100.0,1.0,1.0
niah_single_2,16384,full_context,80-100,1,100.0,1.0,1.0
niah_single_2,16384,kiaomni_gaussian_r0.0625,0-20,1,100.0,1.0,1.0
niah_single_2,16384,kiaomni_gaussian_r0.0625,20-40,1,100.0,1.0,1.0
niah_single_2,16384,kiaomni_gaussian_r0.0625,40-60,1,100.0,1.0,1.0
niah_single_2,16384,kiaomni_gaussian_r0.0625,60-80,1,100.0,1.0,1.0
niah_single_2,16384,kiaomni_gaussian_r0.0625,80-100,1,100.0,1.0,1.0
niah_single_2,16384,kiaomni_gaussian_r0.125,0-20,1,100.0,1.0,1.0
niah_single_2,16384,kiaomni_gaussian_r0.125,20-40,1,100.0,1.0,1.0
niah_single_2,16384,kiaomni_gaussian_r0.125,40-60,1,100.0,1.0,1.0
niah_single_2,16384,kiaomni_gaussian_r0.125,60-80,1,100.0,1.0,1.0
niah_single_2,16384,kiaomni_gaussian_r0.125,80-100,1,100.0,1.0,1.0
niah_single_2,16384,kiaomni_gaussian_r0.25,0-20,1,100.0,1.0,1.0
niah_single_2,16384,kiaomni_gaussian_r0.25,20-40,1,100.0,1.0,1.0
niah_single_2,16384,kiaomni_gaussian_r0.25,40-60,1,100.0,1.0,1.0
niah_single_2,16384,kiaomni_gaussian_r0.25,60-80,1,100.0,1.0,1.0
niah_single_2,16384,kiaomni_gaussian_r0.25,80-100,1,100.0,1.0,1.0
niah_single_2,16384,kiaomni_s8_r0.0625,0-20,1,100.0,1.0,1.0
niah_single_2,16384,kiaomni_s8_r0.0625,20-40,1,100.0,1.0,1.0
niah_single_2,16384,kiaomni_s8_r0.0625,40-60,1,100.0,1.0,1.0
niah_single_2,16384,kiaomni_s8_r0.0625,60-80,1,100.0,1.0,1.0
niah_single_2,16384,kiaomni_s8_r0.0625,80-100,1,100.0,1.0,1.0
niah_single_2,16384,kiaomni_s8_r0.125,0-20,1,100.0,1.0,1.0
niah_single_2,16384,kiaomni_s8_r0.125,20-40,1,100.0,1.0,1.0
niah_single_2,16384,kiaomni_s8_r0.125,40-60,1,100.0,1.0,1.0
niah_single_2,16384,kiaomni_s8_r0.125,60-80,1,100.0,1.0,1.0
niah_single_2,16384,kiaomni_s8_r0.125,80-100,1,100.0,1.0,1.0
niah_single_2,16384,kiaomni_s8_r0.25,0-20,1,100.0,1.0,1.0
niah_single_2,16384,kiaomni_s8_r0.25,20-40,1,100.0,1.0,1.0
niah_single_2,16384,kiaomni_s8_r0.25,40-60,1,100.0,1.0,1.0
niah_single_2,16384,kiaomni_s8_r0.25,60-80,1,100.0,1.0,1.0
niah_single_2,16384,kiaomni_s8_r0.25,80-100,1,100.0,1.0,1.0
