case_id,task,target_context_length,depth_bin,official_depth_pct,method,ruler_score_pct,correct,required_answer_token_recall,complete_required_answer_rate,input_tokens,kept_tokens,retention_pct,compression_ratio,gold_answer_ppl,time_to_first_token_seconds,generation_peak_vram_gb,pipeline_peak_vram_gb,routing_top8_jaccard
ruler-niah_single_2-8192-line9,niah_single_2,8192,0-20,10.1318359375,full_context,100.0,True,1.0,1.0,8072,8072,100.0,1.0,1.9049114507273415,2.452312667000001,58.01183557510376,58.01183557510376,
ruler-niah_single_2-8192-line9,niah_single_2,8192,0-20,10.1318359375,kiaomni_s8_r0.25,100.0,True,1.0,1.0,8072,2018,25.0,4.0,7.657720754885189,1.947613351000001,57.16624879837036,59.194965839385986,0.7692830165227255
ruler-niah_single_2-8192-line9,niah_single_2,8192,0-20,10.1318359375,kiaomni_s8_r0.125,100.0,True,1.0,1.0,8072,1009,12.5,8.0,10.560735497766888,1.9627169200000054,57.02110147476196,59.194965839385986,0.7112548910081387
ruler-niah_single_2-8192-line9,niah_single_2,8192,0-20,10.1318359375,kiaomni_s8_r0.0625,100.0,True,1.0,1.0,8072,504,6.2438057482656095,16.015873015873016,11.547033190733597,1.805769619000003,56.94982290267944,59.194965839385986,0.6760984522600969
ruler-niah_single_2-8192-line9,niah_single_2,8192,0-20,10.1318359375,kiaomni_gaussian_r0.25,100.0,True,1.0,1.0,8072,2018,25.0,4.0,7.936152113834712,1.9572262509999945,57.16624879837036,59.194965839385986,0.7684600601593653
ruler-niah_single_2-8192-line9,niah_single_2,8192,0-20,10.1318359375,kiaomni_gaussian_r0.125,100.0,True,1.0,1.0,8072,1009,12.5,8.0,9.658680790203352,1.916203355999997,57.02110147476196,59.194965839385986,0.7246495534976324
ruler-niah_single_2-8192-line9,niah_single_2,8192,0-20,10.1318359375,kiaomni_gaussian_r0.0625,100.0,True,1.0,1.0,8072,504,6.2438057482656095,16.015873015873016,9.832708083169821,1.78169615500002,56.94982290267944,59.194965839385986,0.6579859890043736
ruler-niah_single_2-8192-line11,niah_single_2,8192,20-40,30.224609375,full_context,100.0,True,1.0,1.0,8072,8072,100.0,1.0,1.6557466848044313,2.4650497859999803,58.01183557510376,58.01183557510376,
ruler-niah_single_2-8192-line11,niah_single_2,8192,20-40,30.224609375,kiaomni_s8_r0.25,100.0,True,1.0,1.0,8072,2018,25.0,4.0,16.50348321606609,1.9384406920000004,57.16624879837036,59.194965839385986,0.7476119883358479
ruler-niah_single_2-8192-line11,niah_single_2,8192,20-40,30.224609375,kiaomni_s8_r0.125,100.0,True,1.0,1.0,8072,1009,12.5,8.0,16.8008341568288,1.9101432079999938,57.02110147476196,59.194965839385986,0.7166247144341469
ruler-niah_single_2-8192-line11,niah_single_2,8192,20-40,30.224609375,kiaomni_s8_r0.0625,100.0,True,1.0,1.0,8072,504,6.2438057482656095,16.015873015873016,9.832708083169821,1.7627475310000023,56.94982290267944,59.194965839385986,0.6449640803039074
ruler-niah_single_2-8192-line11,niah_single_2,8192,20-40,30.224609375,kiaomni_gaussian_r0.25,100.0,True,1.0,1.0,8072,2018,25.0,4.0,15.3657794813045,1.9234524710000187,57.16624879837036,59.194965839385986,0.7491713215907415
ruler-niah_single_2-8192-line11,niah_single_2,8192,20-40,30.224609375,kiaomni_gaussian_r0.125,100.0,True,1.0,1.0,8072,1009,12.5,8.0,15.093823374723016,1.9593782439999927,57.02110147476196,59.194965839385986,0.6973569306234518
ruler-niah_single_2-8192-line11,niah_single_2,8192,20-40,30.224609375,kiaomni_gaussian_r0.0625,100.0,True,1.0,1.0,8072,504,6.2438057482656095,16.015873015873016,10.560735497766888,1.7893558320000125,56.94982290267944,59.194965839385986,0.6348762052754561
ruler-niah_single_2-8192-line43,niah_single_2,8192,40-60,49.52392578125,full_context,100.0,True,1.0,1.0,8072,8072,100.0,1.0,1.8388988110051923,2.481689297999992,58.01183557510376,58.01183557510376,
ruler-niah_single_2-8192-line43,niah_single_2,8192,40-60,49.52392578125,kiaomni_s8_r0.25,100.0,True,1.0,1.0,8072,2018,25.0,4.0,10.190221024863916,1.9198116230000153,57.16624879837036,59.194965839385986,0.7759039178490639
ruler-niah_single_2-8192-line43,niah_single_2,8192,40-60,49.52392578125,kiaomni_s8_r0.125,100.0,True,1.0,1.0,8072,1009,12.5,8.0,11.96688109254247,1.9268509670000071,57.02110147476196,59.194965839385986,0.708302840590477
ruler-niah_single_2-8192-line43,niah_single_2,8192,40-60,49.52392578125,kiaomni_s8_r0.0625,100.0,True,1.0,1.0,8072,504,6.2438057482656095,16.015873015873016,10.751013186076355,1.7877623669999991,56.94982290267944,59.194965839385986,0.6671831049025059
ruler-niah_single_2-8192-line43,niah_single_2,8192,40-60,49.52392578125,kiaomni_gaussian_r0.25,100.0,True,1.0,1.0,8072,2018,25.0,4.0,8.677334427415882,1.9586012530000119,57.16624879837036,59.194965839385986,0.7714266578356425
ruler-niah_single_2-8192-line43,niah_single_2,8192,40-60,49.52392578125,kiaomni_gaussian_r0.125,100.0,True,1.0,1.0,8072,1009,12.5,8.0,10.9447191960852,1.9776587899999925,57.02110147476196,59.194965839385986,0.6951705366373062
ruler-niah_single_2-8192-line43,niah_single_2,8192,40-60,49.52392578125,kiaomni_gaussian_r0.0625,100.0,True,1.0,1.0,8072,504,6.2438057482656095,16.015873015873016,8.52375588040779,1.7852049699999952,56.94982290267944,59.194965839385986,0.6499345190823078
ruler-niah_single_2-8192-line12,niah_single_2,8192,60-80,69.28637140228676,full_context,100.0,True,1.0,1.0,7489,7489,100.0,1.0,1.838898372577603,2.395403339999973,57.934797286987305,57.934797286987305,
ruler-niah_single_2-8192-line12,niah_single_2,8192,60-80,69.28637140228676,kiaomni_s8_r0.25,100.0,True,1.0,1.0,7489,1872,24.996661770596877,4.000534188034188,5.552712603710428,1.9469615669999598,57.146949768066406,59.02698993682861,0.735569758961598
ruler-niah_single_2-8192-line12,niah_single_2,8192,60-80,69.28637140228676,kiaomni_s8_r0.125,100.0,True,1.0,1.0,7489,936,12.498330885298438,8.001068376068377,7.389057860619117,1.884876199999951,57.01005268096924,59.02698993682861,0.6967709126571814
ruler-niah_single_2-8192-line12,niah_single_2,8192,60-80,69.28637140228676,kiaomni_s8_r0.0625,100.0,True,1.0,1.0,7489,468,6.249165442649219,16.002136752136753,7.389057860619117,1.7935615439999992,56.94453525543213,59.02698993682861,0.6431115207572778
ruler-niah_single_2-8192-line12,niah_single_2,8192,60-80,69.28637140228676,kiaomni_gaussian_r0.25,100.0,True,1.0,1.0,7489,1872,24.996661770596877,4.000534188034188,4.988547141699244,1.9161522599999898,57.146949768066406,59.02698993682861,0.7444902174174786
ruler-niah_single_2-8192-line12,niah_single_2,8192,60-80,69.28637140228676,kiaomni_gaussian_r0.125,100.0,True,1.0,1.0,7489,936,12.498330885298438,8.001068376068377,7.129819015080776,1.955483514999969,57.01005268096924,59.02698993682861,0.6848570331931114
ruler-niah_single_2-8192-line12,niah_single_2,8192,60-80,69.28637140228676,kiaomni_gaussian_r0.0625,100.0,True,1.0,1.0,7489,468,6.249165442649219,16.002136752136753,5.169927289310637,1.776089246999959,56.94453525543213,59.02698993682861,0.6367587012549242
ruler-niah_single_2-8192-line15,niah_single_2,8192,80-100,89.990234375,full_context,100.0,True,1.0,1.0,8072,8072,100.0,1.0,1.9049114507273415,2.467737115000034,58.01183557510376,58.01183557510376,
ruler-niah_single_2-8192-line15,niah_single_2,8192,80-100,89.990234375,kiaomni_s8_r0.25,100.0,True,1.0,1.0,8072,2018,25.0,4.0,6.638310128415357,1.9447543239999732,57.16624879837036,59.194965839385986,0.7296473160386086
ruler-niah_single_2-8192-line15,niah_single_2,8192,80-100,89.990234375,kiaomni_s8_r0.125,100.0,True,1.0,1.0,8072,1009,12.5,8.0,6.638310128415357,1.9117679479999765,57.02110147476196,59.194965839385986,0.6988365662594637
ruler-niah_single_2-8192-line15,niah_single_2,8192,80-100,89.990234375,kiaomni_s8_r0.0625,100.0,True,1.0,1.0,8072,504,6.2438057482656095,16.015873015873016,7.389057860619117,1.794934727999987,56.94982290267944,59.194965839385986,0.6538525509337584
ruler-niah_single_2-8192-line15,niah_single_2,8192,80-100,89.990234375,kiaomni_gaussian_r0.25,100.0,True,1.0,1.0,8072,2018,25.0,4.0,6.405411395680079,1.9252133620000222,57.16624879837036,59.194965839385986,0.7362261066834132
ruler-niah_single_2-8192-line15,niah_single_2,8192,80-100,89.990234375,kiaomni_gaussian_r0.125,100.0,True,1.0,1.0,8072,1009,12.5,8.0,7.936152113834712,1.902746272999991,57.02110147476196,59.194965839385986,0.6889883130788803
ruler-niah_single_2-8192-line15,niah_single_2,8192,80-100,89.990234375,kiaomni_gaussian_r0.0625,100.0,True,1.0,1.0,8072,504,6.2438057482656095,16.015873015873016,7.936152113834712,1.7752497750000202,56.94982290267944,59.194965839385986,0.6272507881124815
ruler-niah_single_2-16384-line3,niah_single_2,16384,0-20,9.16804004150644,full_context,100.0,True,1.0,1.0,16263,16263,100.0,1.0,1.4490429200432826,3.4048022339999875,59.15853500366211,59.15853500366211,
ruler-niah_single_2-16384-line3,niah_single_2,16384,0-20,9.16804004150644,kiaomni_s8_r0.25,100.0,True,1.0,1.0,16263,4066,25.00153723175306,3.999754058042302,4.644655709803207,2.0664585939999824,57.45305109024048,61.54359245300293,0.7444057427346706
ruler-niah_single_2-16384-line3,niah_single_2,16384,0-20,9.16804004150644,kiaomni_s8_r0.125,100.0,True,1.0,1.0,16263,2033,12.50076861587653,7.999508116084604,7.657720754885189,1.9307833940000023,57.16623544692993,61.54359245300293,0.7011788214246432
ruler-niah_single_2-16384-line3,niah_single_2,16384,0-20,9.16804004150644,kiaomni_s8_r0.0625,100.0,True,1.0,1.0,16263,1016,6.247309844432147,16.006889763779526,9.832708083169821,1.8984218479999981,57.02192735671997,61.54359245300293,0.6842699957390627
ruler-niah_single_2-16384-line3,niah_single_2,16384,0-20,9.16804004150644,kiaomni_gaussian_r0.25,100.0,True,1.0,1.0,16263,4066,25.00153723175306,3.999754058042302,4.172761384386484,2.1104919360000167,57.45305109024048,61.54359245300293,0.7421357420583566
ruler-niah_single_2-16384-line3,niah_single_2,16384,0-20,9.16804004150644,kiaomni_gaussian_r0.125,100.0,True,1.0,1.0,16263,2033,12.50076861587653,7.999508116084604,11.547033190733597,1.9290782130000252,57.16623544692993,61.54359245300293,0.6968560727934042
ruler-niah_single_2-16384-line3,niah_single_2,16384,0-20,9.16804004150644,kiaomni_gaussian_r0.0625,100.0,True,1.0,1.0,16263,1016,6.247309844432147,16.006889763779526,13.084502797591075,1.9441382930000373,57.02192735671997,61.54359245300293,0.6578849243621031
ruler-niah_single_2-16384-line41,niah_single_2,16384,20-40,29.98840261246414,full_context,100.0,True,1.0,1.0,16263,16263,100.0,1.0,1.403359709830571,3.410302397999999,59.15853500366211,59.15853500366211,
ruler-niah_single_2-16384-line41,niah_single_2,16384,20-40,29.98840261246414,kiaomni_s8_r0.25,100.0,True,1.0,1.0,16263,4066,25.00153723175306,3.999754058042302,3.885118692718522,2.1001854979999734,57.45305109024048,61.54359245300293,0.7488221849004427
ruler-niah_single_2-16384-line41,niah_single_2,16384,20-40,29.98840261246414,kiaomni_s8_r0.125,100.0,True,1.0,1.0,16263,2033,12.50076861587653,7.999508116084604,5.754606792019782,1.9455979940000248,57.16623544692993,61.54359245300293,0.7170304358005524
ruler-niah_single_2-16384-line41,niah_single_2,16384,20-40,29.98840261246414,kiaomni_s8_r0.0625,100.0,True,1.0,1.0,16263,1016,6.247309844432147,16.006889763779526,9.832708083169821,1.9566641580000237,57.02192735671997,61.54359245300293,0.6812079350153605
ruler-niah_single_2-16384-line41,niah_single_2,16384,20-40,29.98840261246414,kiaomni_gaussian_r0.25,100.0,True,1.0,1.0,16263,4066,25.00153723175306,3.999754058042302,4.026370780150009,2.0718377179999834,57.45305109024048,61.54359245300293,0.7427241081992785
ruler-niah_single_2-16384-line41,niah_single_2,16384,20-40,29.98840261246414,kiaomni_gaussian_r0.125,100.0,True,1.0,1.0,16263,2033,12.50076861587653,7.999508116084604,6.180688111983651,1.9822407750000366,57.16623544692993,61.54359245300293,0.7089974619448185
ruler-niah_single_2-16384-line41,niah_single_2,16384,20-40,29.98840261246414,kiaomni_gaussian_r0.0625,100.0,True,1.0,1.0,16263,1016,6.247309844432147,16.006889763779526,9.487735836358526,1.9329763419999608,57.02192735671997,61.54359245300293,0.6746470294892788
ruler-niah_single_2-16384-line29,niah_single_2,16384,40-60,49.52991452991453,full_context,100.0,True,1.0,1.0,16260,16260,100.0,1.0,1.4528779201966666,3.40407806799999,59.15817880630493,59.15817880630493,
ruler-niah_single_2-16384-line29,niah_single_2,16384,40-60,49.52991452991453,kiaomni_s8_r0.25,100.0,True,1.0,1.0,16260,4065,25.0,4.0,4.481706700918755,2.093172338000045,57.45305776596069,61.54273176193237,0.7399784376223882
ruler-niah_single_2-16384-line29,niah_single_2,16384,40-60,49.52991452991453,kiaomni_s8_r0.125,100.0,True,1.0,1.0,16260,2032,12.496924969249692,8.001968503937007,7.389057860619117,1.9606090529999847,57.1662392616272,61.54273176193237,0.6992957492669424
ruler-niah_single_2-16384-line29,niah_single_2,16384,40-60,49.52991452991453,kiaomni_s8_r0.0625,100.0,True,1.0,1.0,16260,1016,6.248462484624846,16.003937007874015,9.154866649056718,1.9229772180000282,57.02192735671997,61.54273176193237,0.6609949531654516
ruler-niah_single_2-16384-line29,niah_single_2,16384,40-60,49.52991452991453,kiaomni_gaussian_r0.25,100.0,True,1.0,1.0,16260,4065,25.0,4.0,4.324474967018098,2.097752124000067,57.45305776596069,61.54273176193237,0.7386803676684698
ruler-niah_single_2-16384-line29,niah_single_2,16384,40-60,49.52991452991453,kiaomni_gaussian_r0.125,100.0,True,1.0,1.0,16260,2032,12.496924969249692,8.001968503937007,6.638310128415357,1.9387483340000244,57.1662392616272,61.54273176193237,0.6963949290414652
ruler-niah_single_2-16384-line29,niah_single_2,16384,40-60,49.52991452991453,kiaomni_gaussian_r0.0625,100.0,True,1.0,1.0,16260,1016,6.248462484624846,16.003937007874015,7.936152113834712,1.8960968119999961,57.02192735671997,61.54273176193237,0.6548763314882914
ruler-niah_single_2-16384-line44,niah_single_2,16384,60-80,69.8174268791598,full_context,100.0,True,1.0,1.0,16257,16257,100.0,1.0,1.4044464089688893,3.4227535969999963,59.15782308578491,59.15782308578491,
ruler-niah_single_2-16384-line44,niah_single_2,16384,60-80,69.8174268791598,kiaomni_s8_r0.25,100.0,True,1.0,1.0,16257,4064,24.998462200898075,4.000246062992126,4.988547141699244,2.1040200679999543,57.453062534332275,61.54265642166138,0.7380426737169424
ruler-niah_single_2-16384-line44,niah_single_2,16384,60-80,69.8174268791598,kiaomni_s8_r0.125,100.0,True,1.0,1.0,16257,2032,12.499231100449038,8.000492125984252,4.81353105352264,1.9412166380000144,57.1662392616272,61.54265642166138,0.7056215368211269
ruler-niah_single_2-16384-line44,niah_single_2,16384,60-80,69.8174268791598,kiaomni_s8_r0.0625,100.0,True,1.0,1.0,16257,1016,6.249615550224519,16.000984251968504,5.552712603710428,1.8955141910000748,57.02192735671997,61.54265642166138,0.6673078512152036
ruler-niah_single_2-16384-line44,niah_single_2,16384,60-80,69.8174268791598,kiaomni_gaussian_r0.25,100.0,True,1.0,1.0,16257,4064,24.998462200898075,4.000246062992126,4.81353105352264,2.0834197919999724,57.453062534332275,61.54265642166138,0.7404454350471497
ruler-niah_single_2-16384-line44,niah_single_2,16384,60-80,69.8174268791598,kiaomni_gaussian_r0.125,100.0,True,1.0,1.0,16257,2032,12.499231100449038,8.000492125984252,7.936152113834712,1.9286391619999677,57.1662392616272,61.54265642166138,0.698626502106587
ruler-niah_single_2-16384-line44,niah_single_2,16384,60-80,69.8174268791598,kiaomni_gaussian_r0.0625,100.0,True,1.0,1.0,16257,1016,6.249615550224519,16.000984251968504,7.936152113834712,1.9583202119999896,57.02192735671997,61.54265642166138,0.6523245684802532
ruler-niah_single_2-16384-line2,niah_single_2,16384,80-100,89.02319902319903,full_context,100.0,True,1.0,1.0,16260,16260,100.0,1.0,1.4007977761946975,3.407184359999974,59.15817880630493,59.15817880630493,
ruler-niah_single_2-16384-line2,niah_single_2,16384,80-100,89.02319902319903,kiaomni_s8_r0.25,100.0,True,1.0,1.0,16260,4065,25.0,4.0,4.644655709803207,2.0796452739999722,57.45305776596069,61.54273176193237,0.743966189523538
ruler-niah_single_2-16384-line2,niah_single_2,16384,80-100,89.02319902319903,kiaomni_s8_r0.125,100.0,True,1.0,1.0,16260,2032,12.496924969249692,8.001968503937007,11.342667077108977,1.9711384859999725,57.1662392616272,61.54273176193237,0.7107659429311752
ruler-niah_single_2-16384-line2,niah_single_2,16384,80-100,89.02319902319903,kiaomni_s8_r0.0625,100.0,True,1.0,1.0,16260,1016,6.248462484624846,16.003937007874015,19.73005140121396,1.976158240000018,57.02192735671997,61.54273176193237,0.6707713219026724
ruler-niah_single_2-16384-line2,niah_single_2,16384,80-100,89.02319902319903,kiaomni_gaussian_r0.25,100.0,True,1.0,1.0,16260,4065,25.0,4.0,6.180684428007555,2.0815688719999343,57.45305776596069,61.54273176193237,0.745259071389834
ruler-niah_single_2-16384-line2,niah_single_2,16384,80-100,89.02319902319903,kiaomni_gaussian_r0.125,100.0,True,1.0,1.0,16260,2032,12.496924969249692,8.001968503937007,10.190221024863916,1.9338599360000899,57.1662392616272,61.54273176193237,0.702525906264782
ruler-niah_single_2-16384-line2,niah_single_2,16384,80-100,89.02319902319903,kiaomni_gaussian_r0.0625,100.0,True,1.0,1.0,16260,1016,6.248462484624846,16.003937007874015,14.306505843459082,1.8965284910000264,57.02192735671997,61.54273176193237,0.6556398483614126
ruler-niah_multikey_1-8192-line37,niah_multikey_1,8192,0-20,9.501905638060192,full_context,100.0,True,1.0,1.0,7489,7489,100.0,1.0,1.9049122455184997,2.3778454970000666,57.934797286987305,57.934797286987305,
ruler-niah_multikey_1-8192-line37,niah_multikey_1,8192,0-20,9.501905638060192,kiaomni_s8_r0.25,100.0,True,1.0,1.0,7489,1872,24.996661770596877,4.000534188034188,9.832708083169821,1.9071036710000726,57.146949768066406,59.02698993682861,0.7408601194620132
ruler-niah_multikey_1-8192-line37,niah_multikey_1,8192,0-20,9.501905638060192,kiaomni_s8_r0.125,100.0,True,1.0,1.0,7489,936,12.498330885298438,8.001068376068377,11.141917953901563,1.919773133999911,57.01005268096924,59.02698993682861,0.6831553975741068
ruler-niah_multikey_1-8192-line37,niah_multikey_1,8192,0-20,9.501905638060192,kiaomni_s8_r0.0625,100.0,True,1.0,1.0,7489,468,6.249165442649219,16.002136752136753,6.879676165300935,1.8021635129999822,56.94453525543213,59.02698993682861,0.6256798356771469
ruler-niah_multikey_1-8192-line37,niah_multikey_1,8192,0-20,9.501905638060192,kiaomni_gaussian_r0.25,100.0,True,1.0,1.0,7489,1872,24.996661770596877,4.000534188034188,7.389057860619117,1.93663252500005,57.146949768066406,59.02698993682861,0.7369695417582989
ruler-niah_multikey_1-8192-line37,niah_multikey_1,8192,0-20,9.501905638060192,kiaomni_gaussian_r0.125,100.0,True,1.0,1.0,7489,936,12.498330885298438,8.001068376068377,10.9447191960852,1.9197877939999444,57.01005268096924,59.02698993682861,0.6761977362136046
ruler-niah_multikey_1-8192-line37,niah_multikey_1,8192,0-20,9.501905638060192,kiaomni_gaussian_r0.0625,100.0,True,1.0,1.0,7489,468,6.249165442649219,16.002136752136753,5.357902294505419,1.8087621639999725,56.94453525543213,59.02698993682861,0.6142892154554526
ruler-niah_multikey_1-8192-line48,niah_multikey_1,8192,20-40,26.990718124084026,full_context,100.0,True,1.0,1.0,8068,8068,100.0,1.0,2.1185866054055404,2.4666253780000034,58.01135969161987,58.01135969161987,
ruler-niah_multikey_1-8192-line48,niah_multikey_1,8192,20-40,26.990718124084026,kiaomni_s8_r0.25,100.0,True,1.0,1.0,8068,2017,25.0,4.0,12.182493960703473,1.9566404900000407,57.16625452041626,59.19306135177612,0.7350956872105598
ruler-niah_multikey_1-8192-line48,niah_multikey_1,8192,20-40,26.990718124084026,kiaomni_s8_r0.125,100.0,True,1.0,1.0,8068,1008,12.493802677243432,8.003968253968255,17.411709249406176,1.959518203000016,57.02099084854126,59.19306135177612,0.6870292822519938
ruler-niah_multikey_1-8192-line48,niah_multikey_1,8192,20-40,26.990718124084026,kiaomni_s8_r0.0625,100.0,True,1.0,1.0,8068,504,6.246901338621716,16.00793650793651,5.963841764227416,1.8085595070000409,56.94982290267944,59.19306135177612,0.6292383844653765
ruler-niah_multikey_1-8192-line48,niah_multikey_1,8192,20-40,26.990718124084026,kiaomni_gaussian_r0.25,100.0,True,1.0,1.0,8068,2017,25.0,4.0,14.826684104238888,1.955009559999894,57.16625452041626,59.19306135177612,0.7385013525684675
ruler-niah_multikey_1-8192-line48,niah_multikey_1,8192,20-40,26.990718124084026,kiaomni_gaussian_r0.125,100.0,True,1.0,1.0,8068,1008,12.493802677243432,8.003968253968255,15.3657794813045,2.0237285670000347,57.02099084854126,59.19306135177612,0.6803085096180439
ruler-niah_multikey_1-8192-line48,niah_multikey_1,8192,20-40,26.990718124084026,kiaomni_gaussian_r0.0625,100.0,True,1.0,1.0,8068,504,6.246901338621716,16.00793650793651,8.833678001770714,1.7853449309999405,56.94982290267944,59.19306135177612,0.6222947525481383
ruler-niah_multikey_1-8192-line3,niah_multikey_1,8192,40-60,48.4816616274484,full_context,100.0,True,1.0,1.0,7487,7487,100.0,1.0,1.7143530808432572,2.413425555999993,57.92779302597046,57.92779302597046,
ruler-niah_multikey_1-8192-line3,niah_multikey_1,8192,40-60,48.4816616274484,kiaomni_s8_r0.25,100.0,True,1.0,1.0,7487,1872,25.003339121143316,3.9994658119658117,6.405411395680079,1.9196352379999553,57.14694929122925,59.026713848114014,0.7367676223317782
ruler-niah_multikey_1-8192-line3,niah_multikey_1,8192,40-60,48.4816616274484,kiaomni_s8_r0.125,100.0,True,1.0,1.0,7487,936,12.501669560571658,7.9989316239316235,9.154866649056718,1.9930116829999633,57.01005220413208,59.026713848114014,0.6796849692861239
ruler-niah_multikey_1-8192-line3,niah_multikey_1,8192,40-60,48.4816616274484,kiaomni_s8_r0.0625,100.0,True,1.0,1.0,7487,468,6.250834780285829,15.997863247863247,4.988547141699244,1.809654194000018,56.94453477859497,59.026713848114014,0.6270028576254845
ruler-niah_multikey_1-8192-line3,niah_multikey_1,8192,40-60,48.4816616274484,kiaomni_gaussian_r0.25,100.0,True,1.0,1.0,7487,1872,25.003339121143316,3.9994658119658117,6.879676165300935,1.902531665999959,57.14694929122925,59.026713848114014,0.7322129135330518
ruler-niah_multikey_1-8192-line3,niah_multikey_1,8192,40-60,48.4816616274484,kiaomni_gaussian_r0.125,100.0,True,1.0,1.0,7487,936,12.501669560571658,7.9989316239316235,10.190221024863916,1.8839303329999666,57.01005220413208,59.026713848114014,0.6710609917839369
ruler-niah_multikey_1-8192-line3,niah_multikey_1,8192,40-60,48.4816616274484,kiaomni_gaussian_r0.0625,100.0,True,1.0,1.0,7487,468,6.250834780285829,15.997863247863247,5.357902294505419,1.792566203999968,56.94453477859497,59.026713848114014,0.6031630970537663
ruler-niah_multikey_1-8192-line49,niah_multikey_1,8192,60-80,70.60446780551905,full_context,100.0,True,1.0,1.0,7490,7490,100.0,1.0,1.59959307995203,2.3858156420000114,57.9348258972168,57.9348258972168,
ruler-niah_multikey_1-8192-line49,niah_multikey_1,8192,60-80,70.60446780551905,kiaomni_s8_r0.25,100.0,True,1.0,1.0,7490,1872,24.99332443257677,4.0010683760683765,5.552712603710428,1.9184220209999694,57.146949768066406,59.02727651596069,0.7274238839745522
ruler-niah_multikey_1-8192-line49,niah_multikey_1,8192,60-80,70.60446780551905,kiaomni_s8_r0.125,100.0,True,1.0,1.0,7490,936,12.496662216288385,8.002136752136753,10.751013186076355,1.8653527079999321,57.01005268096924,59.02727651596069,0.672117218375206
ruler-niah_multikey_1-8192-line49,niah_multikey_1,8192,60-80,70.60446780551905,kiaomni_s8_r0.0625,100.0,True,1.0,1.0,7490,468,6.248331108144193,16.004273504273506,5.169927289310637,1.8248072460000913,56.94453525543213,59.02727651596069,0.6031041691700617
ruler-niah_multikey_1-8192-line49,niah_multikey_1,8192,60-80,70.60446780551905,kiaomni_gaussian_r0.25,100.0,True,1.0,1.0,7490,1872,24.99332443257677,4.0010683760683765,5.357902294505419,1.9306489090000696,57.146949768066406,59.02727651596069,0.7286903746426105
ruler-niah_multikey_1-8192-line49,niah_multikey_1,8192,60-80,70.60446780551905,kiaomni_gaussian_r0.125,100.0,True,1.0,1.0,7490,936,12.496662216288385,8.002136752136753,8.52375588040779,1.9482609819999652,57.01005268096924,59.02727651596069,0.645626732458671
ruler-niah_multikey_1-8192-line49,niah_multikey_1,8192,60-80,70.60446780551905,kiaomni_gaussian_r0.0625,100.0,True,1.0,1.0,7490,468,6.248331108144193,16.004273504273506,4.988547141699244,1.782234184999993,56.94453525543213,59.02727651596069,0.5905183597157398
ruler-niah_multikey_1-8192-line14,niah_multikey_1,8192,80-100,88.27981931388109,full_context,100.0,True,1.0,1.0,8071,8071,100.0,1.0,1.9734880028214132,2.4384437639999987,58.01171684265137,58.01171684265137,
ruler-niah_multikey_1-8192-line14,niah_multikey_1,8192,80-100,88.27981931388109,kiaomni_s8_r0.25,100.0,True,1.0,1.0,8071,2018,25.00309750960228,3.9995044598612486,5.754606792019782,1.923031925000032,57.16624879837036,59.19392204284668,0.7339728847146034
ruler-niah_multikey_1-8192-line14,niah_multikey_1,8192,80-100,88.27981931388109,kiaomni_s8_r0.125,100.0,True,1.0,1.0,8071,1009,12.50154875480114,7.999008919722497,7.389057860619117,1.9556298620000234,57.02110147476196,59.19392204284668,0.6690966300666332
ruler-niah_multikey_1-8192-line14,niah_multikey_1,8192,80-100,88.27981931388109,kiaomni_s8_r0.0625,100.0,True,1.0,1.0,8071,504,6.2445793581960105,16.01388888888889,8.833678001770714,1.8038637019999442,56.94982290267944,59.19392204284668,0.6151829101145267
ruler-niah_multikey_1-8192-line14,niah_multikey_1,8192,80-100,88.27981931388109,kiaomni_gaussian_r0.25,100.0,True,1.0,1.0,8071,2018,25.00309750960228,3.9995044598612486,7.657720754885189,1.9559868110000025,57.16624879837036,59.19392204284668,0.7292048608263334
ruler-niah_multikey_1-8192-line14,niah_multikey_1,8192,80-100,88.27981931388109,kiaomni_gaussian_r0.125,100.0,True,1.0,1.0,8071,1009,12.50154875480114,7.999008919722497,7.936152113834712,1.910120562999964,57.02110147476196,59.19392204284668,0.6497364404300848
ruler-niah_multikey_1-8192-line14,niah_multikey_1,8192,80-100,88.27981931388109,kiaomni_gaussian_r0.0625,100.0,True,1.0,1.0,8071,504,6.2445793581960105,16.01388888888889,7.936152113834712,1.780690304000018,56.94982290267944,59.19392204284668,0.5964455666641394
ruler-niah_multikey_1-16384-line30,niah_multikey_1,16384,0-20,7.557997557997558,full_context,100.0,True,1.0,1.0,16260,16260,100.0,1.0,1.8416861425378719,3.4132483689998026,59.15817880630493,59.15817880630493,
ruler-niah_multikey_1-16384-line30,niah_multikey_1,16384,0-20,7.557997557997558,kiaomni_s8_r0.25,100.0,True,1.0,1.0,16260,4065,25.0,4.0,12.182493960703473,2.0682785530000274,57.45305776596069,61.54273176193237,0.7540413811802864
ruler-niah_multikey_1-16384-line30,niah_multikey_1,16384,0-20,7.557997557997558,kiaomni_s8_r0.125,100.0,True,1.0,1.0,16260,2032,12.496924969249692,8.001968503937007,22.75989509352673,1.9335649009999543,57.1662392616272,61.54273176193237,0.7153086277345816
ruler-niah_multikey_1-16384-line30,niah_multikey_1,16384,0-20,7.557997557997558,kiaomni_s8_r0.0625,100.0,True,1.0,1.0,16260,1016,6.248462484624846,16.003937007874015,20.815843175418095,1.983755100000053,57.02192735671997,61.54273176193237,0.6588807590305805
ruler-niah_multikey_1-16384-line30,niah_multikey_1,16384,0-20,7.557997557997558,kiaomni_gaussian_r0.25,100.0,True,1.0,1.0,16260,4065,25.0,4.0,7.258281149016912,2.0784267799999725,57.45305776596069,61.54273176193237,0.7586717531085014
ruler-niah_multikey_1-16384-line30,niah_multikey_1,16384,0-20,7.557997557997558,kiaomni_gaussian_r0.125,100.0,True,1.0,1.0,16260,2032,12.496924969249692,8.001968503937007,10.9447191960852,1.9918053320000126,57.1662392616272,61.54273176193237,0.7103168293833733
ruler-niah_multikey_1-16384-line30,niah_multikey_1,16384,0-20,7.557997557997558,kiaomni_gaussian_r0.0625,100.0,True,1.0,1.0,16260,1016,6.248462484624846,16.003937007874015,16.50348321606609,1.9259812259999762,57.02192735671997,61.54273176193237,0.6368333473801613
ruler-niah_multikey_1-16384-line32,niah_multikey_1,16384,20-40,29.954198473282442,full_context,100.0,True,1.0,1.0,16255,16255,100.0,1.0,1.5489575635082804,3.4112358330000916,59.15575170516968,59.15575170516968,
ruler-niah_multikey_1-16384-line32,niah_multikey_1,16384,20-40,29.954198473282442,kiaomni_s8_r0.25,100.0,True,1.0,1.0,16255,4064,25.001537988311288,3.999753937007874,4.026371260130837,2.0749448919998486,57.45306205749512,61.5412974357605,0.743343728284041
ruler-niah_multikey_1-16384-line32,niah_multikey_1,16384,20-40,29.954198473282442,kiaomni_s8_r0.125,100.0,True,1.0,1.0,16255,2032,12.500768994155644,7.999507874015748,9.487735836358526,1.9520277990000068,57.16623878479004,61.5412974357605,0.7015670500695705
ruler-niah_multikey_1-16384-line32,niah_multikey_1,16384,20-40,29.954198473282442,kiaomni_s8_r0.0625,100.0,True,1.0,1.0,16255,1016,6.250384497077822,15.999015748031496,9.832708083169821,1.9656919850001486,57.02192687988281,61.5412974357605,0.6514862428108851
ruler-niah_multikey_1-16384-line32,niah_multikey_1,16384,20-40,29.954198473282442,kiaomni_gaussian_r0.25,100.0,True,1.0,1.0,16255,4064,25.001537988311288,3.999753937007874,3.7488246554699587,2.080911541999967,57.45306205749512,61.5412974357605,0.7465534719328085
ruler-niah_multikey_1-16384-line32,niah_multikey_1,16384,20-40,29.954198473282442,kiaomni_gaussian_r0.125,100.0,True,1.0,1.0,16255,2032,12.500768994155644,7.999507874015748,9.487738098411292,1.9618175359998986,57.16623878479004,61.5412974357605,0.6933544377485911
ruler-niah_multikey_1-16384-line32,niah_multikey_1,16384,20-40,29.954198473282442,kiaomni_gaussian_r0.0625,100.0,True,1.0,1.0,16255,1016,6.250384497077822,15.999015748031496,11.547033190733597,1.9378652339999007,57.02192687988281,61.5412974357605,0.6349656308690707
ruler-niah_multikey_1-16384-line49,niah_multikey_1,16384,40-60,49.45363530919968,full_context,100.0,True,1.0,1.0,16261,16261,100.0,1.0,1.4001700416040121,3.433164556000065,59.15829801559448,59.15829801559448,
ruler-niah_multikey_1-16384-line49,niah_multikey_1,16384,40-60,49.45363530919968,kiaomni_s8_r0.25,100.0,True,1.0,1.0,16261,4065,24.998462579177172,4.000246002460025,4.644655709803207,2.0765126520000194,57.45305776596069,61.54301881790161,0.7280681232611338
ruler-niah_multikey_1-16384-line49,niah_multikey_1,16384,40-60,49.45363530919968,kiaomni_s8_r0.125,100.0,True,1.0,1.0,16261,2033,12.502306131234242,7.998524348253812,8.992838491094828,1.983442105999984,57.16623544692993,61.54301881790161,0.6959152743220329
ruler-niah_multikey_1-16384-line49,niah_multikey_1,16384,40-60,49.45363530919968,kiaomni_s8_r0.0625,100.0,True,1.0,1.0,16261,1016,6.248078223971466,16.00492125984252,8.833678001770714,1.9336906629998794,57.02192735671997,61.54301881790161,0.6394542182485262
ruler-niah_multikey_1-16384-line49,niah_multikey_1,16384,40-60,49.45363530919968,kiaomni_gaussian_r0.25,100.0,True,1.0,1.0,16261,4065,24.998462579177172,4.000246002460025,4.026370780150009,2.097211265999931,57.45305776596069,61.54301881790161,0.7362534689406554
ruler-niah_multikey_1-16384-line49,niah_multikey_1,16384,40-60,49.45363530919968,kiaomni_gaussian_r0.125,100.0,True,1.0,1.0,16261,2033,12.502306131234242,7.998524348253812,9.154866649056718,1.9568318259998705,57.16623544692993,61.54301881790161,0.6876151077449322
ruler-niah_multikey_1-16384-line49,niah_multikey_1,16384,40-60,49.45363530919968,kiaomni_gaussian_r0.0625,100.0,True,1.0,1.0,16261,1016,6.248078223971466,16.00492125984252,10.9447191960852,1.9105718680000336,57.02192735671997,61.54301881790161,0.6249125935137272
ruler-niah_multikey_1-16384-line5,niah_multikey_1,16384,60-80,69.9261429530611,full_context,100.0,True,1.0,1.0,16263,16263,100.0,1.0,1.276241388225284,3.4204272160000073,59.15853500366211,59.15853500366211,
ruler-niah_multikey_1-16384-line5,niah_multikey_1,16384,60-80,69.9261429530611,kiaomni_s8_r0.25,100.0,True,1.0,1.0,16263,4066,25.00153723175306,3.999754058042302,3.6173145432550613,2.0857200839998313,57.45305109024048,61.54359245300293,0.7264410269757112
ruler-niah_multikey_1-16384-line5,niah_multikey_1,16384,60-80,69.9261429530611,kiaomni_s8_r0.125,100.0,True,1.0,1.0,16263,2033,12.50076861587653,7.999508116084604,6.879676165300935,1.9482809510000152,57.16623544692993,61.54359245300293,0.6899131412307421
ruler-niah_multikey_1-16384-line5,niah_multikey_1,16384,60-80,69.9261429530611,kiaomni_s8_r0.0625,100.0,True,1.0,1.0,16263,1016,6.247309844432147,16.006889763779526,6.879676165300935,1.9395416140000634,57.02192735671997,61.54359245300293,0.6477816750605901
ruler-niah_multikey_1-16384-line5,niah_multikey_1,16384,60-80,69.9261429530611,kiaomni_gaussian_r0.25,100.0,True,1.0,1.0,16263,4066,25.00153723175306,3.999754058042302,3.6173145432550613,2.1062121200000092,57.45305109024048,61.54359245300293,0.7333831998209158
ruler-niah_multikey_1-16384-line5,niah_multikey_1,16384,60-80,69.9261429530611,kiaomni_gaussian_r0.125,100.0,True,1.0,1.0,16263,2033,12.50076861587653,7.999508116084604,6.180684428007555,1.9534939209997901,57.16623544692993,61.54359245300293,0.6895432583987713
ruler-niah_multikey_1-16384-line5,niah_multikey_1,16384,60-80,69.9261429530611,kiaomni_gaussian_r0.0625,100.0,True,1.0,1.0,16263,1016,6.247309844432147,16.006889763779526,7.657720754885189,2.0152977770001144,57.02192735671997,61.54359245300293,0.6256165330608686
ruler-niah_multikey_1-16384-line2,niah_multikey_1,16384,80-100,89.08835562068755,full_context,100.0,True,1.0,1.0,16257,16257,100.0,1.0,1.4007541512308785,3.4286089170000196,59.15782308578491,59.15782308578491,
ruler-niah_multikey_1-16384-line2,niah_multikey_1,16384,80-100,89.08835562068755,kiaomni_s8_r0.25,100.0,True,1.0,1.0,16257,4064,24.998462200898075,4.000246062992126,4.026370780150009,2.07256664800002,57.453062534332275,61.54265642166138,0.7537763876219591
ruler-niah_multikey_1-16384-line2,niah_multikey_1,16384,80-100,89.08835562068755,kiaomni_s8_r0.125,100.0,True,1.0,1.0,16257,2032,12.499231100449038,8.000492125984252,7.657720754885189,1.952672646999872,57.1662392616272,61.54265642166138,0.7162488512694836
ruler-niah_multikey_1-16384-line2,niah_multikey_1,16384,80-100,89.08835562068755,kiaomni_s8_r0.0625,100.0,True,1.0,1.0,16257,1016,6.249615550224519,16.000984251968504,8.52375588040779,2.1430270719999953,57.02192735671997,61.54265642166138,0.6677303078273932
ruler-niah_multikey_1-16384-line2,niah_multikey_1,16384,80-100,89.08835562068755,kiaomni_gaussian_r0.25,100.0,True,1.0,1.0,16257,4064,24.998462200898075,4.000246062992126,4.481706700918755,2.0496289100001377,57.453062534332275,61.54265642166138,0.76106329758962
ruler-niah_multikey_1-16384-line2,niah_multikey_1,16384,80-100,89.08835562068755,kiaomni_gaussian_r0.125,100.0,True,1.0,1.0,16257,2032,12.499231100449038,8.000492125984252,6.879676165300935,2.0139468669999587,57.1662392616272,61.54265642166138,0.7063081885377566
ruler-niah_multikey_1-16384-line2,niah_multikey_1,16384,80-100,89.08835562068755,kiaomni_gaussian_r0.0625,100.0,True,1.0,1.0,16257,1016,6.249615550224519,16.000984251968504,7.657720754885189,1.990014007000127,57.02192735671997,61.54265642166138,0.6524422193566958
ruler-niah_multivalue-8192-line13,niah_multivalue,8192,0-20,10.404093413802151,full_context,100.0,True,1.0,1.0,7502,7502,100.0,1.0,2.237924839477528,2.4391692519998287,57.93517780303955,57.93517780303955,
ruler-niah_multivalue-8192-line13,niah_multivalue,8192,0-20,10.404093413802151,kiaomni_s8_r0.25,75.0,False,1.0,1.0,7502,1876,25.00666488936284,3.9989339019189765,3.1919382009216375,1.9325404079997952,57.14702129364014,59.0307183265686,0.743819727251927
ruler-niah_multivalue-8192-line13,niah_multivalue,8192,0-20,10.404093413802151,kiaomni_s8_r0.125,75.0,False,1.0,1.0,7502,938,12.50333244468142,7.997867803837953,3.2113948322703183,1.9954278080001586,57.01033306121826,59.0307183265686,0.6975297468403975
ruler-niah_multivalue-8192-line13,niah_multivalue,8192,0-20,10.404093413802151,kiaomni_s8_r0.0625,100.0,True,1.0,1.0,7502,469,6.25166622234071,15.995735607675906,3.253615287292443,1.8213297029999467,56.94467639923096,59.0307183265686,0.6655268309017023
ruler-niah_multivalue-8192-line13,niah_multivalue,8192,0-20,10.404093413802151,kiaomni_gaussian_r0.25,75.0,False,1.0,1.0,7502,1876,25.00666488936284,3.9989339019189765,3.181704119003886,1.948412823000126,57.14702129364014,59.0307183265686,0.7528883231182893
ruler-niah_multivalue-8192-line13,niah_multivalue,8192,0-20,10.404093413802151,kiaomni_gaussian_r0.125,100.0,True,1.0,1.0,7502,938,12.50333244468142,7.997867803837953,3.154035027756718,1.927334127999984,57.01033306121826,59.0307183265686,0.6970035967727503
ruler-niah_multivalue-8192-line13,niah_multivalue,8192,0-20,10.404093413802151,kiaomni_gaussian_r0.0625,100.0,True,1.0,1.0,7502,469,6.25166622234071,15.995735607675906,3.3121400571967836,1.8217121570000927,56.94467639923096,59.0307183265686,0.6556652747094631
ruler-niah_multivalue-8192-line22,niah_multivalue,8192,20-40,18.408203125,full_context,100.0,True,1.0,1.0,8072,8072,100.0,1.0,2.132154450107493,2.4614995189999718,58.01183557510376,58.01183557510376,
ruler-niah_multivalue-8192-line22,niah_multivalue,8192,20-40,18.408203125,kiaomni_s8_r0.25,100.0,True,1.0,1.0,8072,2018,25.0,4.0,3.094559550563193,1.9781481649999932,57.16624879837036,59.194965839385986,0.7485738297303518
ruler-niah_multivalue-8192-line22,niah_multivalue,8192,20-40,18.408203125,kiaomni_s8_r0.125,100.0,True,1.0,1.0,8072,1009,12.5,8.0,3.077425630884508,2.1211134269999548,57.02110147476196,59.194965839385986,0.6865804406503836
ruler-niah_multivalue-8192-line22,niah_multivalue,8192,20-40,18.408203125,kiaomni_s8_r0.0625,100.0,True,1.0,1.0,8072,504,6.2438057482656095,16.015873015873016,3.058463452390789,1.8670275229999334,56.94982290267944,59.194965839385986,0.6416655989984671
ruler-niah_multivalue-8192-line22,niah_multivalue,8192,20-40,18.408203125,kiaomni_gaussian_r0.25,100.0,True,1.0,1.0,8072,2018,25.0,4.0,3.1316091085654767,2.0878743440000562,57.16624879837036,59.194965839385986,0.7468748614192009
ruler-niah_multivalue-8192-line22,niah_multivalue,8192,20-40,18.408203125,kiaomni_gaussian_r0.125,100.0,True,1.0,1.0,8072,1009,12.5,8.0,3.2173299343528194,1.9759274079999614,57.02110147476196,59.194965839385986,0.6951372176408768
ruler-niah_multivalue-8192-line22,niah_multivalue,8192,20-40,18.408203125,kiaomni_gaussian_r0.0625,100.0,True,1.0,1.0,8072,504,6.2438057482656095,16.015873015873016,2.975103960569101,1.8360932000000503,56.94982290267944,59.194965839385986,0.6353829838335514
ruler-niah_multivalue-8192-line21,niah_multivalue,8192,40-60,49.317764366308054,full_context,75.0,False,1.0,1.0,7502,7502,100.0,1.0,2.365169896791125,2.391772825000089,57.93517780303955,57.93517780303955,
ruler-niah_multivalue-8192-line21,niah_multivalue,8192,40-60,49.317764366308054,kiaomni_s8_r0.25,75.0,False,1.0,1.0,7502,1876,25.00666488936284,3.9989339019189765,3.730571579900053,1.91212305199997,57.14702129364014,59.0307183265686,0.7315187019606432
ruler-niah_multivalue-8192-line21,niah_multivalue,8192,40-60,49.317764366308054,kiaomni_s8_r0.125,100.0,True,1.0,1.0,7502,938,12.50333244468142,7.997867803837953,4.155626803209791,1.9248448799999096,57.01033306121826,59.0307183265686,0.6688012406229973
ruler-niah_multivalue-8192-line21,niah_multivalue,8192,40-60,49.317764366308054,kiaomni_s8_r0.0625,100.0,True,1.0,1.0,7502,469,6.25166622234071,15.995735607675906,4.4245614804936375,1.8195304679998117,56.94467639923096,59.0307183265686,0.62406828875343
ruler-niah_multivalue-8192-line21,niah_multivalue,8192,40-60,49.317764366308054,kiaomni_gaussian_r0.25,100.0,True,1.0,1.0,7502,1876,25.00666488936284,3.9989339019189765,3.58226831815569,1.9388062840000657,57.14702129364014,59.0307183265686,0.734579169501861
ruler-niah_multivalue-8192-line21,niah_multivalue,8192,40-60,49.317764366308054,kiaomni_gaussian_r0.125,100.0,True,1.0,1.0,7502,938,12.50333244468142,7.997867803837953,4.087568936607175,1.9543670130001374,57.01033306121826,59.0307183265686,0.6620295817653338
ruler-niah_multivalue-8192-line21,niah_multivalue,8192,40-60,49.317764366308054,kiaomni_gaussian_r0.0625,100.0,True,1.0,1.0,7502,469,6.25166622234071,15.995735607675906,4.130002854382106,1.7909419340001023,56.94467639923096,59.0307183265686,0.6212341872354349
ruler-niah_multivalue-8192-line16,niah_multivalue,8192,60-80,69.42398737506575,full_context,100.0,True,1.0,1.0,7484,7484,100.0,1.0,2.015997636230772,2.3962208319999263,57.92738389968872,57.92738389968872,
ruler-niah_multivalue-8192-line16,niah_multivalue,8192,60-80,69.42398737506575,kiaomni_s8_r0.25,100.0,True,1.0,1.0,7484,1871,25.0,4.0,2.96792580320555,1.9301663579999513,57.14693212509155,59.02555513381958,0.7291273462275664
ruler-niah_multivalue-8192-line16,niah_multivalue,8192,60-80,69.42398737506575,kiaomni_s8_r0.125,100.0,True,1.0,1.0,7484,936,12.506680919294494,7.995726495726496,2.933504382746307,1.9063414940001167,57.01005220413208,59.02555513381958,0.6758488826453686
ruler-niah_multivalue-8192-line16,niah_multivalue,8192,60-80,69.42398737506575,kiaomni_s8_r0.0625,100.0,True,1.0,1.0,7484,468,6.253340459647247,15.991452991452991,3.257671350458655,1.7976469039999756,56.94453477859497,59.02555513381958,0.6200452993313471
ruler-niah_multivalue-8192-line16,niah_multivalue,8192,60-80,69.42398737506575,kiaomni_gaussian_r0.25,100.0,True,1.0,1.0,7484,1871,25.0,4.0,2.9323852034773714,1.9113216170001124,57.14693212509155,59.02555513381958,0.7317533505459627
ruler-niah_multivalue-8192-line16,niah_multivalue,8192,60-80,69.42398737506575,kiaomni_gaussian_r0.125,100.0,True,1.0,1.0,7484,936,12.506680919294494,7.995726495726496,3.0418615292420017,1.954597104999948,57.01005220413208,59.02555513381958,0.6729790344834328
ruler-niah_multivalue-8192-line16,niah_multivalue,8192,60-80,69.42398737506575,kiaomni_gaussian_r0.0625,100.0,True,1.0,1.0,7484,468,6.253340459647247,15.991452991452991,3.01451289974762,1.797339544000124,56.94453477859497,59.02555513381958,0.6049486063420773
ruler-niah_multivalue-8192-line25,niah_multivalue,8192,80-100,89.71901260504201,full_context,100.0,True,1.0,1.0,7496,7496,100.0,1.0,2.563454810593601,2.3974012080000193,57.935001373291016,57.935001373291016,
ruler-niah_multivalue-8192-line25,niah_multivalue,8192,80-100,89.71901260504201,kiaomni_s8_r0.25,100.0,True,1.0,1.0,7496,1874,25.0,4.0,3.636939254166659,1.9222914659999333,57.14698600769043,59.02899742126465,0.7485514357686043
ruler-niah_multivalue-8192-line25,niah_multivalue,8192,80-100,89.71901260504201,kiaomni_s8_r0.125,100.0,True,1.0,1.0,7496,937,12.5,8.0,4.441740523701948,1.9404081949999181,57.010193824768066,59.02899742126465,0.6756023392081261
ruler-niah_multivalue-8192-line25,niah_multivalue,8192,80-100,89.71901260504201,kiaomni_s8_r0.0625,100.0,True,1.0,1.0,7496,468,6.243329775880469,16.017094017094017,4.122924722599769,1.8207459630000358,56.94453525543213,59.02899742126465,0.6303715345760187
ruler-niah_multivalue-8192-line25,niah_multivalue,8192,80-100,89.71901260504201,kiaomni_gaussian_r0.25,100.0,True,1.0,1.0,7496,1874,25.0,4.0,3.6608876683004383,1.929569686999912,57.14698600769043,59.02899742126465,0.741762313991785
ruler-niah_multivalue-8192-line25,niah_multivalue,8192,80-100,89.71901260504201,kiaomni_gaussian_r0.125,100.0,True,1.0,1.0,7496,937,12.5,8.0,4.046193666235429,1.9248298150000664,57.010193824768066,59.02899742126465,0.6710132869581381
ruler-niah_multivalue-8192-line25,niah_multivalue,8192,80-100,89.71901260504201,kiaomni_gaussian_r0.0625,100.0,True,1.0,1.0,7496,468,6.243329775880469,16.017094017094017,3.9281655131739024,1.842837685999939,56.94453525543213,59.02899742126465,0.611537458995978
ruler-niah_multivalue-16384-line34,niah_multivalue,16384,0-20,40.738931297709925,full_context,100.0,True,1.0,1.0,16255,16255,100.0,1.0,1.696979792805465,3.382567280000103,59.15575170516968,59.15575170516968,
ruler-niah_multivalue-16384-line34,niah_multivalue,16384,0-20,40.738931297709925,kiaomni_s8_r0.25,100.0,True,1.0,1.0,16255,4064,25.001537988311288,3.999753937007874,2.574880603417388,2.0825588340001104,57.45306205749512,61.5412974357605,0.7389131933450699
ruler-niah_multivalue-16384-line34,niah_multivalue,16384,0-20,40.738931297709925,kiaomni_s8_r0.125,100.0,True,1.0,1.0,16255,2032,12.500768994155644,7.999507874015748,3.021792564577009,1.9623112500000843,57.16623878479004,61.5412974357605,0.6951131609578928
ruler-niah_multivalue-16384-line34,niah_multivalue,16384,0-20,40.738931297709925,kiaomni_s8_r0.0625,100.0,True,1.0,1.0,16255,1016,6.250384497077822,15.999015748031496,3.168656107363407,1.927391845000102,57.02192687988281,61.5412974357605,0.6669876749316851
ruler-niah_multivalue-16384-line34,niah_multivalue,16384,0-20,40.738931297709925,kiaomni_gaussian_r0.25,100.0,True,1.0,1.0,16255,4064,25.001537988311288,3.999753937007874,2.5966083405598375,2.0951933420001296,57.45306205749512,61.5412974357605,0.737802542746067
ruler-niah_multivalue-16384-line34,niah_multivalue,16384,0-20,40.738931297709925,kiaomni_gaussian_r0.125,100.0,True,1.0,1.0,16255,2032,12.500768994155644,7.999507874015748,2.970441710121168,1.9542179900004157,57.16623878479004,61.5412974357605,0.6912762895226479
ruler-niah_multivalue-16384-line34,niah_multivalue,16384,0-20,40.738931297709925,kiaomni_gaussian_r0.0625,100.0,True,1.0,1.0,16255,1016,6.250384497077822,15.999015748031496,3.205660216900259,1.9481996039999103,57.02192687988281,61.5412974357605,0.6453929841518402
ruler-niah_multivalue-16384-line2,niah_multivalue,16384,20-40,45.36963555338502,full_context,100.0,True,1.0,1.0,16261,16261,100.0,1.0,1.8559023314285852,3.415862205999929,59.15829801559448,59.15829801559448,
ruler-niah_multivalue-16384-line2,niah_multivalue,16384,20-40,45.36963555338502,kiaomni_s8_r0.25,100.0,True,1.0,1.0,16261,4065,24.998462579177172,4.000246002460025,3.0907950018123245,2.1160134080000716,57.45305776596069,61.54301881790161,0.7351364692052206
ruler-niah_multivalue-16384-line2,niah_multivalue,16384,20-40,45.36963555338502,kiaomni_s8_r0.125,100.0,True,1.0,1.0,16261,2033,12.502306131234242,7.998524348253812,3.968372651211301,1.9528642370000853,57.16623544692993,61.54301881790161,0.6935051120817661
ruler-niah_multivalue-16384-line2,niah_multivalue,16384,20-40,45.36963555338502,kiaomni_s8_r0.0625,100.0,True,1.0,1.0,16261,1016,6.248078223971466,16.00492125984252,4.401241346283045,2.039290492999953,57.02192735671997,61.54301881790161,0.649604320526123
ruler-niah_multivalue-16384-line2,niah_multivalue,16384,20-40,45.36963555338502,kiaomni_gaussian_r0.25,100.0,True,1.0,1.0,16261,4065,24.998462579177172,4.000246002460025,3.088013340286656,2.081091450999793,57.45305776596069,61.54301881790161,0.7397698909044266
ruler-niah_multivalue-16384-line2,niah_multivalue,16384,20-40,45.36963555338502,kiaomni_gaussian_r0.125,100.0,True,1.0,1.0,16261,2033,12.502306131234242,7.998524348253812,3.645275253926181,1.9778502449998996,57.16623544692993,61.54301881790161,0.695149552077055
ruler-niah_multivalue-16384-line2,niah_multivalue,16384,20-40,45.36963555338502,kiaomni_gaussian_r0.0625,100.0,True,1.0,1.0,16261,1016,6.248078223971466,16.00492125984252,4.020706674617245,1.9821094040003118,57.02192735671997,61.54301881790161,0.6321728192269802
ruler-niah_multivalue-16384-line15,niah_multivalue,16384,40-60,47.05343511450382,full_context,50.0,False,1.0,1.0,16255,16255,100.0,1.0,1.5739900329859922,3.406306604999827,59.15575170516968,59.15575170516968,
ruler-niah_multivalue-16384-line15,niah_multivalue,16384,40-60,47.05343511450382,kiaomni_s8_r0.25,100.0,True,1.0,1.0,16255,4064,25.001537988311288,3.999753937007874,2.369121766529217,2.098382913000023,57.45306205749512,61.5412974357605,0.7409621129433314
ruler-niah_multivalue-16384-line15,niah_multivalue,16384,40-60,47.05343511450382,kiaomni_s8_r0.125,100.0,True,1.0,1.0,16255,2032,12.500768994155644,7.999507874015748,2.776780960294896,1.9740023750000546,57.16623878479004,61.5412974357605,0.6957350112497807
ruler-niah_multivalue-16384-line15,niah_multivalue,16384,40-60,47.05343511450382,kiaomni_s8_r0.0625,100.0,True,1.0,1.0,16255,1016,6.250384497077822,15.999015748031496,2.9472461456281143,2.0257282070001565,57.02192687988281,61.5412974357605,0.6715003587305546
ruler-niah_multivalue-16384-line15,niah_multivalue,16384,40-60,47.05343511450382,kiaomni_gaussian_r0.25,100.0,True,1.0,1.0,16255,4064,25.001537988311288,3.999753937007874,2.547379262930784,2.0787873640001635,57.45306205749512,61.5412974357605,0.7410137802362442
ruler-niah_multivalue-16384-line15,niah_multivalue,16384,40-60,47.05343511450382,kiaomni_gaussian_r0.125,100.0,True,1.0,1.0,16255,2032,12.500768994155644,7.999507874015748,2.7733947255780365,1.9668654060001245,57.16623878479004,61.5412974357605,0.6869243855277697
ruler-niah_multivalue-16384-line15,niah_multivalue,16384,40-60,47.05343511450382,kiaomni_gaussian_r0.0625,100.0,True,1.0,1.0,16255,1016,6.250384497077822,15.999015748031496,2.884846254507822,1.91958574399996,57.02192687988281,61.5412974357605,0.6425902036329111
ruler-niah_multivalue-16384-line43,niah_multivalue,16384,60-80,69.94078505585739,full_context,100.0,True,1.0,1.0,16261,16261,100.0,1.0,1.6879884879211395,3.487563203999798,59.15829801559448,59.15829801559448,
ruler-niah_multivalue-16384-line43,niah_multivalue,16384,60-80,69.94078505585739,kiaomni_s8_r0.25,100.0,True,1.0,1.0,16261,4065,24.998462579177172,4.000246002460025,2.643663183708162,2.078924865999852,57.45305776596069,61.54301881790161,0.7410002686083317
ruler-niah_multivalue-16384-line43,niah_multivalue,16384,60-80,69.94078505585739,kiaomni_s8_r0.125,100.0,True,1.0,1.0,16261,2033,12.502306131234242,7.998524348253812,2.973876380877109,1.9681642430000466,57.16623544692993,61.54301881790161,0.6932267012695471
ruler-niah_multivalue-16384-line43,niah_multivalue,16384,60-80,69.94078505585739,kiaomni_s8_r0.0625,100.0,True,1.0,1.0,16261,1016,6.248078223971466,16.00492125984252,3.046818928411976,1.960954650000076,57.02192735671997,61.54301881790161,0.664669913550218
ruler-niah_multivalue-16384-line43,niah_multivalue,16384,60-80,69.94078505585739,kiaomni_gaussian_r0.25,100.0,True,1.0,1.0,16261,4065,24.998462579177172,4.000246002460025,2.6546140738736033,2.093721412999912,57.45305776596069,61.54301881790161,0.7421195407708486
ruler-niah_multivalue-16384-line43,niah_multivalue,16384,60-80,69.94078505585739,kiaomni_gaussian_r0.125,100.0,True,1.0,1.0,16261,2033,12.502306131234242,7.998524348253812,2.9379962302414895,1.945744748999914,57.16623544692993,61.54301881790161,0.6894812844693661
ruler-niah_multivalue-16384-line43,niah_multivalue,16384,60-80,69.94078505585739,kiaomni_gaussian_r0.0625,100.0,True,1.0,1.0,16261,1016,6.248078223971466,16.00492125984252,3.0504310032628723,1.9234688970000207,57.02192735671997,61.54301881790161,0.6480455336471399
ruler-niah_multivalue-16384-line3,niah_multivalue,16384,80-100,89.2131127525792,full_context,100.0,True,1.0,1.0,16261,16261,100.0,1.0,1.7441527897224671,3.4136163769999257,59.15829801559448,59.15829801559448,
ruler-niah_multivalue-16384-line3,niah_multivalue,16384,80-100,89.2131127525792,kiaomni_s8_r0.25,100.0,True,1.0,1.0,16261,4065,24.998462579177172,4.000246002460025,2.8663352733023846,2.085161943999992,57.45305776596069,61.54301881790161,0.7532937911649545
ruler-niah_multivalue-16384-line3,niah_multivalue,16384,80-100,89.2131127525792,kiaomni_s8_r0.125,75.0,False,1.0,1.0,16261,2033,12.502306131234242,7.998524348253812,3.354747480866984,1.9616838430001735,57.16623544692993,61.54301881790161,0.6999494979778925
ruler-niah_multivalue-16384-line3,niah_multivalue,16384,80-100,89.2131127525792,kiaomni_s8_r0.0625,75.0,False,1.0,1.0,16261,1016,6.248078223971466,16.00492125984252,3.3546167105359403,1.9846080859997528,57.02192735671997,61.54301881790161,0.6525539259115855
ruler-niah_multivalue-16384-line3,niah_multivalue,16384,80-100,89.2131127525792,kiaomni_gaussian_r0.25,100.0,True,1.0,1.0,16261,4065,24.998462579177172,4.000246002460025,2.924052537855974,2.111867641000117,57.45305776596069,61.54301881790161,0.7517136558890343
ruler-niah_multivalue-16384-line3,niah_multivalue,16384,80-100,89.2131127525792,kiaomni_gaussian_r0.125,75.0,False,1.0,1.0,16261,2033,12.502306131234242,7.998524348253812,3.482288194130629,1.972673445000055,57.16623544692993,61.54301881790161,0.6944366109867891
ruler-niah_multivalue-16384-line3,niah_multivalue,16384,80-100,89.2131127525792,kiaomni_gaussian_r0.0625,75.0,False,1.0,1.0,16261,1016,6.248078223971466,16.00492125984252,3.3330643690262645,1.9456184119999307,57.02192735671997,61.54301881790161,0.6428064132730166
ruler-niah_multiquery-8192-line31,niah_multiquery,8192,0-20,10.140500916310323,full_context,75.0,False,1.0,1.0,8065,8065,100.0,1.0,2.0900106183995915,2.475300873999913,58.011003494262695,58.011003494262695,
ruler-niah_multiquery-8192-line31,niah_multiquery,8192,0-20,10.140500916310323,kiaomni_s8_r0.25,75.0,False,1.0,1.0,8065,2016,24.996900185988842,4.000496031746032,3.0058701769744904,1.9666202470002645,57.166258335113525,59.19298601150513,0.7319948934018612
ruler-niah_multiquery-8192-line31,niah_multiquery,8192,0-20,10.140500916310323,kiaomni_s8_r0.125,75.0,False,1.0,1.0,8065,1008,12.498450092994421,8.000992063492063,3.0285276351260406,1.9304795769999146,57.02099084854126,59.19298601150513,0.6683460362255573
ruler-niah_multiquery-8192-line31,niah_multiquery,8192,0-20,10.140500916310323,kiaomni_s8_r0.0625,75.0,False,1.0,1.0,8065,504,6.249225046497211,16.001984126984127,3.02753533002952,1.8483905740004047,56.94982290267944,59.19298601150513,0.628764983266592
ruler-niah_multiquery-8192-line31,niah_multiquery,8192,0-20,10.140500916310323,kiaomni_gaussian_r0.25,75.0,False,1.0,1.0,8065,2016,24.996900185988842,4.000496031746032,2.936908947323509,1.9552110869999524,57.166258335113525,59.19298601150513,0.7290771628419558
ruler-niah_multiquery-8192-line31,niah_multiquery,8192,0-20,10.140500916310323,kiaomni_gaussian_r0.125,75.0,False,1.0,1.0,8065,1008,12.498450092994421,8.000992063492063,3.0674625296601445,1.9469455769999513,57.02099084854126,59.19298601150513,0.6621325624485811
ruler-niah_multiquery-8192-line31,niah_multiquery,8192,0-20,10.140500916310323,kiaomni_gaussian_r0.0625,75.0,False,1.0,1.0,8065,504,6.249225046497211,16.001984126984127,3.0140820603673038,1.8406238360003044,56.94982290267944,59.19298601150513,0.6166263160606226
ruler-niah_multiquery-8192-line5,niah_multiquery,8192,20-40,30.32376298106292,full_context,75.0,False,1.0,1.0,8065,8065,100.0,1.0,2.031237644106253,2.465147646999867,58.011003494262695,58.011003494262695,
ruler-niah_multiquery-8192-line5,niah_multiquery,8192,20-40,30.32376298106292,kiaomni_s8_r0.25,75.0,False,1.0,1.0,8065,2016,24.996900185988842,4.000496031746032,2.696954374767782,1.954261618000146,57.166258335113525,59.19298601150513,0.7291575210789839
ruler-niah_multiquery-8192-line5,niah_multiquery,8192,20-40,30.32376298106292,kiaomni_s8_r0.125,75.0,False,1.0,1.0,8065,1008,12.498450092994421,8.000992063492063,2.8845470766112284,1.935215318000246,57.02099084854126,59.19298601150513,0.6844823012749354
ruler-niah_multiquery-8192-line5,niah_multiquery,8192,20-40,30.32376298106292,kiaomni_s8_r0.0625,75.0,False,1.0,1.0,8065,504,6.249225046497211,16.001984126984127,2.6625012163302118,1.8102216299998872,56.94982290267944,59.19298601150513,0.6203483405212561
ruler-niah_multiquery-8192-line5,niah_multiquery,8192,20-40,30.32376298106292,kiaomni_gaussian_r0.25,75.0,False,1.0,1.0,8065,2016,24.996900185988842,4.000496031746032,2.766124142935362,1.949842733999958,57.166258335113525,59.19298601150513,0.7340420459707578
ruler-niah_multiquery-8192-line5,niah_multiquery,8192,20-40,30.32376298106292,kiaomni_gaussian_r0.125,75.0,False,1.0,1.0,8065,1008,12.498450092994421,8.000992063492063,2.7573296030527787,1.9439627520000613,57.02099084854126,59.19298601150513,0.6600829760233561
ruler-niah_multiquery-8192-line5,niah_multiquery,8192,20-40,30.32376298106292,kiaomni_gaussian_r0.0625,75.0,False,1.0,1.0,8065,504,6.249225046497211,16.001984126984127,2.688441123955142,1.8119813489997796,56.94982290267944,59.19298601150513,0.5879304800182581
ruler-niah_multiquery-8192-line8,niah_multiquery,8192,40-60,50.5456936226167,full_context,75.0,False,1.0,1.0,7485,7485,100.0,1.0,2.0590423260506867,2.416289628999948,57.92752122879028,57.92752122879028,
ruler-niah_multiquery-8192-line8,niah_multiquery,8192,40-60,50.5456936226167,kiaomni_s8_r0.25,50.0,False,1.0,1.0,7485,1871,24.996659986639948,4.00053447354356,2.6579650685391383,1.9533076899997468,57.14693212509155,59.02670621871948,0.7353429434200128
ruler-niah_multiquery-8192-line8,niah_multiquery,8192,40-60,50.5456936226167,kiaomni_s8_r0.125,75.0,False,1.0,1.0,7485,936,12.50501002004008,7.996794871794871,2.6326819888311794,1.990832427999976,57.01005220413208,59.02670621871948,0.6677494024236997
ruler-niah_multiquery-8192-line8,niah_multiquery,8192,40-60,50.5456936226167,kiaomni_s8_r0.0625,75.0,False,1.0,1.0,7485,468,6.25250501002004,15.993589743589743,2.4553512641566964,1.8075752279996777,56.94453477859497,59.02670621871948,0.6062370222061872
ruler-niah_multiquery-8192-line8,niah_multiquery,8192,40-60,50.5456936226167,kiaomni_gaussian_r0.25,75.0,False,1.0,1.0,7485,1871,24.996659986639948,4.00053447354356,2.7293561858599373,1.9285067230002824,57.14693212509155,59.02670621871948,0.7272410107155641
ruler-niah_multiquery-8192-line8,niah_multiquery,8192,40-60,50.5456936226167,kiaomni_gaussian_r0.125,75.0,False,1.0,1.0,7485,936,12.50501002004008,7.996794871794871,2.6207113345545023,1.9353884100000869,57.01005220413208,59.02670621871948,0.6523656124869982
ruler-niah_multiquery-8192-line8,niah_multiquery,8192,40-60,50.5456936226167,kiaomni_gaussian_r0.0625,75.0,False,1.0,1.0,7485,468,6.25250501002004,15.993589743589743,2.4438390517652375,1.816216759999861,56.94453477859497,59.02670621871948,0.5620125476270914
ruler-niah_multiquery-8192-line27,niah_multiquery,8192,60-80,70.65217391304348,full_context,75.0,False,1.0,1.0,8068,8068,100.0,1.0,2.219436049523428,2.450879160999648,58.01135969161987,58.01135969161987,
ruler-niah_multiquery-8192-line27,niah_multiquery,8192,60-80,70.65217391304348,kiaomni_s8_r0.25,50.0,False,1.0,1.0,8068,2017,25.0,4.0,3.0970923488901465,1.9572447089999514,57.16625452041626,59.19306135177612,0.7250256277620792
ruler-niah_multiquery-8192-line27,niah_multiquery,8192,60-80,70.65217391304348,kiaomni_s8_r0.125,50.0,False,1.0,1.0,8068,1008,12.493802677243432,8.003968253968255,3.047715460396966,2.0199164809996546,57.02099084854126,59.19306135177612,0.6744463716944059
ruler-niah_multiquery-8192-line27,niah_multiquery,8192,60-80,70.65217391304348,kiaomni_s8_r0.0625,75.0,False,1.0,1.0,8068,504,6.246901338621716,16.00793650793651,2.8377271711023653,1.8193696470002578,56.94982290267944,59.19306135177612,0.6160026341676712
ruler-niah_multiquery-8192-line27,niah_multiquery,8192,60-80,70.65217391304348,kiaomni_gaussian_r0.25,50.0,False,1.0,1.0,8068,2017,25.0,4.0,2.9879394067207397,2.0467035609999584,57.16625452041626,59.19306135177612,0.7266307199994723
ruler-niah_multiquery-8192-line27,niah_multiquery,8192,60-80,70.65217391304348,kiaomni_gaussian_r0.125,50.0,False,1.0,1.0,8068,1008,12.493802677243432,8.003968253968255,3.0030185257673097,1.9653870540000753,57.02099084854126,59.19306135177612,0.654669526964426
ruler-niah_multiquery-8192-line27,niah_multiquery,8192,60-80,70.65217391304348,kiaomni_gaussian_r0.0625,75.0,False,1.0,1.0,8068,504,6.246901338621716,16.00793650793651,2.794793219248591,1.818529498999851,56.94982290267944,59.19306135177612,0.6041020924846331
ruler-niah_multiquery-8192-line20,niah_multiquery,8192,80-100,90.15993163227932,full_context,75.0,False,1.0,1.0,8071,8071,100.0,1.0,1.9965710303946667,2.462441764000232,58.01171684265137,58.01171684265137,
ruler-niah_multiquery-8192-line20,niah_multiquery,8192,80-100,90.15993163227932,kiaomni_s8_r0.25,75.0,False,1.0,1.0,8071,2018,25.00309750960228,3.9995044598612486,2.583174976125522,1.9504735119999168,57.16624879837036,59.19392204284668,0.7374636108676592
ruler-niah_multiquery-8192-line20,niah_multiquery,8192,80-100,90.15993163227932,kiaomni_s8_r0.125,75.0,False,1.0,1.0,8071,1009,12.50154875480114,7.999008919722497,2.6244693885781123,1.9854127140001765,57.02110147476196,59.19392204284668,0.6928915902972221
ruler-niah_multiquery-8192-line20,niah_multiquery,8192,80-100,90.15993163227932,kiaomni_s8_r0.0625,75.0,False,1.0,1.0,8071,504,6.2445793581960105,16.01388888888889,2.495700019251994,1.8074495119999483,56.94982290267944,59.19392204284668,0.61502697194616
ruler-niah_multiquery-8192-line20,niah_multiquery,8192,80-100,90.15993163227932,kiaomni_gaussian_r0.25,75.0,False,1.0,1.0,8071,2018,25.00309750960228,3.9995044598612486,2.5990804183102822,1.9665469349997693,57.16624879837036,59.19392204284668,0.7411584854125977
ruler-niah_multiquery-8192-line20,niah_multiquery,8192,80-100,90.15993163227932,kiaomni_gaussian_r0.125,75.0,False,1.0,1.0,8071,1009,12.50154875480114,7.999008919722497,2.4921836918220084,1.9197960490000696,57.02110147476196,59.19392204284668,0.6799985319375992
ruler-niah_multiquery-8192-line20,niah_multiquery,8192,80-100,90.15993163227932,kiaomni_gaussian_r0.0625,75.0,False,1.0,1.0,8071,504,6.2445793581960105,16.01388888888889,2.564155465963708,1.8506122539997705,56.94982290267944,59.19392204284668,0.591407643010219
ruler-niah_multiquery-16384-line4,niah_multiquery,16384,0-20,7.565950170981925,full_context,50.0,False,1.0,1.0,16256,16256,100.0,1.0,1.4848924568551944,3.3698976209998364,59.15770149230957,59.15770149230957,
ruler-niah_multiquery-16384-line4,niah_multiquery,16384,0-20,7.565950170981925,kiaomni_s8_r0.25,50.0,False,1.0,1.0,16256,4064,25.0,4.0,2.520452119040601,2.0837213970003177,57.45306205749512,61.54158401489258,0.7280977666378021
ruler-niah_multiquery-16384-line4,niah_multiquery,16384,0-20,7.565950170981925,kiaomni_s8_r0.125,50.0,False,1.0,1.0,16256,2032,12.5,8.0,2.6823549216489284,2.0037978960003784,57.16623878479004,61.54158401489258,0.6785477052132288
ruler-niah_multiquery-16384-line4,niah_multiquery,16384,0-20,7.565950170981925,kiaomni_s8_r0.0625,50.0,False,1.0,1.0,16256,1016,6.25,16.0,2.7605119325154566,1.9629493110001022,57.02192687988281,61.54158401489258,0.644679124156634
ruler-niah_multiquery-16384-line4,niah_multiquery,16384,0-20,7.565950170981925,kiaomni_gaussian_r0.25,75.0,False,1.0,1.0,16256,4064,25.0,4.0,2.5560547068553197,2.094064767999953,57.45306205749512,61.54158401489258,0.7301736113925775
ruler-niah_multiquery-16384-line4,niah_multiquery,16384,0-20,7.565950170981925,kiaomni_gaussian_r0.125,50.0,False,1.0,1.0,16256,2032,12.5,8.0,2.6391330178974295,1.9682039399999667,57.16623878479004,61.54158401489258,0.6770095812777678
ruler-niah_multiquery-16384-line4,niah_multiquery,16384,0-20,7.565950170981925,kiaomni_gaussian_r0.0625,50.0,False,1.0,1.0,16256,1016,6.25,16.0,2.7482871532619186,1.931522244000007,57.02192687988281,61.54158401489258,0.6289858408272266
ruler-niah_multiquery-16384-line35,niah_multiquery,16384,20-40,29.952988582941572,full_context,50.0,False,1.0,1.0,16259,16259,100.0,1.0,1.5741927379182985,3.4181053369998153,59.15806007385254,59.15806007385254,
ruler-niah_multiquery-16384-line35,niah_multiquery,16384,20-40,29.952988582941572,kiaomni_s8_r0.25,75.0,False,1.0,1.0,16259,4065,25.00153760993911,3.999753997539975,2.670376775392388,2.1375053749998187,57.45305776596069,61.54266405105591,0.72907796377937
ruler-niah_multiquery-16384-line35,niah_multiquery,16384,20-40,29.952988582941572,kiaomni_s8_r0.125,50.0,False,1.0,1.0,16259,2032,12.497693585091334,8.001476377952756,2.881236184635265,1.9873370380000779,57.1662392616272,61.54266405105591,0.6768564408024152
ruler-niah_multiquery-16384-line35,niah_multiquery,16384,20-40,29.952988582941572,kiaomni_s8_r0.0625,50.0,False,1.0,1.0,16259,1016,6.248846792545667,16.00295275590551,2.9139905176829863,1.9467298320000737,57.02192735671997,61.54266405105591,0.6563183876375357
ruler-niah_multiquery-16384-line35,niah_multiquery,16384,20-40,29.952988582941572,kiaomni_gaussian_r0.25,50.0,False,1.0,1.0,16259,4065,25.00153760993911,3.999753997539975,2.649828218985642,2.0903790799998205,57.45305776596069,61.54266405105591,0.7292999898393949
ruler-niah_multiquery-16384-line35,niah_multiquery,16384,20-40,29.952988582941572,kiaomni_gaussian_r0.125,50.0,False,1.0,1.0,16259,2032,12.497693585091334,8.001476377952756,2.9212739793952616,1.9718318000000181,57.1662392616272,61.54266405105591,0.6732322710255781
ruler-niah_multiquery-16384-line35,niah_multiquery,16384,20-40,29.952988582941572,kiaomni_gaussian_r0.0625,50.0,False,1.0,1.0,16259,1016,6.248846792545667,16.00295275590551,2.9861223212127794,1.9894685130002472,57.02192735671997,61.54266405105591,0.64224145313104
ruler-niah_multiquery-16384-line0,niah_multiquery,16384,40-60,51.538837322911576,full_context,50.0,False,1.0,1.0,16256,16256,100.0,1.0,1.4328291834796612,3.382700379000198,59.15770149230957,59.15770149230957,
ruler-niah_multiquery-16384-line0,niah_multiquery,16384,40-60,51.538837322911576,kiaomni_s8_r0.25,75.0,False,1.0,1.0,16256,4064,25.0,4.0,2.517731709238119,2.105162826000196,57.45306205749512,61.54158401489258,0.7280250030259291
ruler-niah_multiquery-16384-line0,niah_multiquery,16384,40-60,51.538837322911576,kiaomni_s8_r0.125,50.0,False,1.0,1.0,16256,2032,12.5,8.0,2.6502524853460865,2.0202517139996417,57.16623878479004,61.54158401489258,0.6864423528313637
ruler-niah_multiquery-16384-line0,niah_multiquery,16384,40-60,51.538837322911576,kiaomni_s8_r0.0625,50.0,False,1.0,1.0,16256,1016,6.25,16.0,2.915927427920844,2.216335335000167,57.02192687988281,61.54158401489258,0.6468568854033947
ruler-niah_multiquery-16384-line0,niah_multiquery,16384,40-60,51.538837322911576,kiaomni_gaussian_r0.25,50.0,False,1.0,1.0,16256,4064,25.0,4.0,2.5147922338941546,2.1335118310003054,57.45306205749512,61.54158401489258,0.7295787359277407
ruler-niah_multiquery-16384-line0,niah_multiquery,16384,40-60,51.538837322911576,kiaomni_gaussian_r0.125,50.0,False,1.0,1.0,16256,2032,12.5,8.0,2.5249991906852367,1.9873347339998872,57.16623878479004,61.54158401489258,0.6769731715321541
ruler-niah_multiquery-16384-line0,niah_multiquery,16384,40-60,51.538837322911576,kiaomni_gaussian_r0.0625,50.0,False,1.0,1.0,16256,1016,6.25,16.0,2.7667184121064716,1.9656705209999927,57.02192687988281,61.54158401489258,0.6326762860020002
ruler-niah_multiquery-16384-line21,niah_multiquery,16384,60-80,70.22987777848141,full_context,75.0,False,1.0,1.0,15671,15671,100.0,1.0,1.3691975104328595,3.357439880000129,59.07434320449829,59.07434320449829,
ruler-niah_multiquery-16384-line21,niah_multiquery,16384,60-80,70.22987777848141,kiaomni_s8_r0.25,75.0,False,1.0,1.0,15671,3918,25.00159530342671,3.999744767738642,2.4880415238583176,2.0702365990000544,57.43453645706177,61.37440061569214,0.7324963584542274
ruler-niah_multiquery-16384-line21,niah_multiquery,16384,60-80,70.22987777848141,kiaomni_s8_r0.125,75.0,False,1.0,1.0,15671,1959,12.500797651713356,7.999489535477284,2.563173227061986,1.9627093540002534,57.154688358306885,61.37440061569214,0.6821935263772806
ruler-niah_multiquery-16384-line21,niah_multiquery,16384,60-80,70.22987777848141,kiaomni_s8_r0.0625,75.0,False,1.0,1.0,15671,979,6.247208219003254,16.00715015321757,2.5358752231620065,1.9395870280000054,57.01682138442993,61.37440061569214,0.6538144089281559
ruler-niah_multiquery-16384-line21,niah_multiquery,16384,60-80,70.22987777848141,kiaomni_gaussian_r0.25,75.0,False,1.0,1.0,15671,3918,25.00159530342671,3.999744767738642,2.5100320864748413,2.092621092000172,57.43453645706177,61.37440061569214,0.7387553167839845
ruler-niah_multiquery-16384-line21,niah_multiquery,16384,60-80,70.22987777848141,kiaomni_gaussian_r0.125,75.0,False,1.0,1.0,15671,1959,12.500797651713356,7.999489535477284,2.524505142010196,1.954008918999989,57.154688358306885,61.37440061569214,0.6807304732501507
ruler-niah_multiquery-16384-line21,niah_multiquery,16384,60-80,70.22987777848141,kiaomni_gaussian_r0.0625,75.0,False,1.0,1.0,15671,979,6.247208219003254,16.00715015321757,2.57745182260273,1.9884350400002404,57.01682138442993,61.37440061569214,0.6370562091469765
ruler-niah_multiquery-16384-line36,niah_multiquery,16384,80-100,87.83313287333038,full_context,50.0,False,1.0,1.0,15677,15677,100.0,1.0,1.5288055229200166,3.3393110920001163,59.07515335083008,59.07515335083008,
ruler-niah_multiquery-16384-line36,niah_multiquery,16384,80-100,87.83313287333038,kiaomni_s8_r0.25,75.0,False,1.0,1.0,15677,3919,24.998405307137844,4.0002551671344735,2.6912930483296087,2.122581140999955,57.4345498085022,61.37637662887573,0.7380279811720053
ruler-niah_multiquery-16384-line36,niah_multiquery,16384,80-100,87.83313287333038,kiaomni_s8_r0.125,50.0,False,1.0,1.0,15677,1960,12.502392039293232,7.998469387755102,2.814319971576618,1.9652252040000349,57.15481233596802,61.37637662887573,0.6932438636819521
ruler-niah_multiquery-16384-line36,niah_multiquery,16384,80-100,87.83313287333038,kiaomni_s8_r0.0625,50.0,False,1.0,1.0,15677,980,6.251196019646616,15.996938775510204,2.7327795398678867,1.969825253000181,57.016945362091064,61.37637662887573,0.6113633612791697
ruler-niah_multiquery-16384-line36,niah_multiquery,16384,80-100,87.83313287333038,kiaomni_gaussian_r0.25,75.0,False,1.0,1.0,15677,3919,24.998405307137844,4.0002551671344735,2.7612271130840917,2.0867684609997923,57.4345498085022,61.37637662887573,0.7397150161365668
ruler-niah_multiquery-16384-line36,niah_multiquery,16384,80-100,87.83313287333038,kiaomni_gaussian_r0.125,50.0,False,1.0,1.0,15677,1960,12.502392039293232,7.998469387755102,2.6831702778075854,1.947651364000194,57.15481233596802,61.37637662887573,0.6764675838251909
ruler-niah_multiquery-16384-line36,niah_multiquery,16384,80-100,87.83313287333038,kiaomni_gaussian_r0.0625,75.0,False,1.0,1.0,15677,980,6.251196019646616,15.996938775510204,2.8062528821750545,2.006323813000108,57.016945362091064,61.37637662887573,0.6175222216794888
