track,method,n,correct,accuracy,mean_input_tokens,mean_kept_tokens,mean_retention_pct,mean_compression_ratio,mean_gold_answer_ppl,mean_output_tokens_per_second,mean_time_to_first_token_seconds,mean_decode_after_first_token_seconds,max_generation_peak_vram_gb,max_pipeline_peak_vram_gb,mean_inference_path_elapsed_seconds,routing_top1,routing_top8_jaccard,routing_weight_cosine,routing_expert_load_jsd,routing_worst_layer_top1,routing_worst_layer_top8
fixed,full_context,27,8,0.2962962962962963,13824.111111111111,13824.111111111111,100.0,1.0,4.856397727797828,4.302081138574119,,,59.16090965270996,59.16090965270996,,,,,,,
fixed,kiaomni_gaussian_B128,27,3,0.1111111111111111,13824.111111111111,128.0,0.9490763487632096,108.00086805555556,11.451320635676682,3.710184417353389,,,56.89699983596802,61.54932880401611,,0.6585708429783951,0.6886919510585291,0.8526238280773898,0.025595436264677435,,
fixed,kiaomni_gaussian_B256,27,8,0.2962962962962963,13824.111111111111,256.0,1.8981526975264191,54.00043402777778,11.256082171502937,4.088980757604159,,,56.92729663848877,61.54932880401611,,0.6666154272762346,0.7046970008056105,0.8616568332561004,0.015139674434056047,,
fixed,kiaomni_gaussian_B512,27,6,0.2222222222222222,13824.111111111111,512.0,3.7963053950528383,27.00021701388889,8.573575263013232,4.205322171626679,,,56.95075845718384,61.54932880401611,,0.6677758487654322,0.7100668370631742,0.8632350798558306,0.011269706147338443,,
fixed,kiaomni_gaussian_B98,27,6,0.2222222222222222,13824.111111111111,98.0,0.7266365795218325,141.062358276644,11.257125242662584,3.3779425093631748,,,56.8928017616272,61.54932880401611,,0.6532895555834711,0.6798049087555689,0.846156174937884,0.032567621348856914,,
fixed,kiaomni_s8_B128,27,5,0.18518518518518517,13824.111111111111,128.0,0.9490763487632096,108.00086805555556,10.81892764671916,3.6729327326199948,,,56.91557216644287,61.54932880401611,,0.6633994020061729,0.6933124728592825,0.8557517873468222,0.02503126565141339,,
fixed,kiaomni_s8_B256,27,9,0.3333333333333333,13824.111111111111,256.0,1.8981526975264191,54.00043402777778,9.827943504251826,4.2146011455813905,,,56.92729663848877,61.54932880401611,,0.6704553674768519,0.7070025987463233,0.8618394428473196,0.014974736885230896,,
fixed,kiaomni_s8_B512,27,5,0.18518518518518517,13824.111111111111,512.0,3.7963053950528383,27.00021701388889,10.387640205990735,4.305934673760639,,,56.95075845718384,61.54932880401611,,0.6724205488040123,0.714186463964942,0.8655235801398019,0.011081625084679454,,
fixed,kiaomni_s8_B98,27,6,0.2222222222222222,13824.111111111111,98.0,0.7266365795218325,141.062358276644,13.307998494164531,3.323510945566842,,,56.89410209655762,61.54932880401611,,0.6584860782518431,0.685573140665153,0.850251763323207,0.03092642742845828,,
percentage,full_context,27,8,0.2962962962962963,13824.111111111111,13824.111111111111,100.0,1.0,4.85639768333978,4.348526506341291,3.757745945999968,41.554939033249994,59.161,59.161,45.31268497924996,,,,,,
percentage,kiaomni_gaussian_r0.0625,27,4,0.14814814814814814,13824.111111111111,864.074074074074,6.250483914318689,15.998764606189319,9.058940002201323,4.317492231049737,2.5892650940000124,51.22425356074996,57.022,61.549,59.47640930949993,0.6669696591823764,0.7102160005630446,0.8623528167828277,0.011015946009972001,0.501328743994236,0.6132382303476334
percentage,kiaomni_gaussian_r0.125,27,10,0.37037037037037035,13824.111111111111,1727.9259259259259,12.499314394079576,8.000447921960962,5.219700483645124,4.602231006900117,2.617713292249988,47.22681614449999,57.166,61.549,55.50742009149994,0.6904382740029936,0.7296238784067131,0.8740341949281751,0.009154255665510473,0.5427194088697433,0.6333363503217697
percentage,kiaomni_gaussian_r0.25,27,6,0.2222222222222222,13824.111111111111,3456.037037037037,25.000096587389045,3.9999832202397405,3.6498583159449565,4.578264141816805,2.687177221999974,56.35036666075001,57.45309829711914,61.549,64.70043453749994,0.726456359451341,0.7579451352655475,0.8907475721388304,0.007240882533629297,0.6000584959983826,0.6771287769079208
percentage,kiaomni_s8_r0.0625,27,7,0.25925925925925924,13824.111111111111,864.074074074074,6.250483914318689,15.998764606189319,9.814158302844934,4.1892595546359965,2.5499506584999665,35.83638932699999,57.022,61.549,44.04923064024992,0.6726267115641951,0.7138243275192343,0.8641581052312262,0.010518427632602323,0.5037757307291031,0.6140724867582321
percentage,kiaomni_s8_r0.125,27,10,0.37037037037037035,13824.111111111111,1727.9259259259259,12.499314394079576,8.000447921960962,5.6107729518526845,4.618983393733144,2.5302967345000127,47.81965845150002,57.166,61.549,56.01284584074999,0.6925882210388242,0.731090548046374,0.8740274609725122,0.008999506860896473,0.54325370490551,0.6405771374702454
percentage,kiaomni_s8_r0.25,27,8,0.2962962962962963,13824.111111111111,3456.037037037037,25.000096587389045,3.9999832202397405,3.5265764835664535,4.509727526412178,2.6826680470000355,39.416280742249995,57.45309829711914,61.549,47.76183944399999,0.7270362542326657,0.7582835074022022,0.8900429636706747,0.007167850005619836,0.5959838628768921,0.6735013872385025
