case_id,fixed_parsed_answer,replay_parsed_answer,parsed_answer_same,fixed_correct,replay_correct,correctness_same,fixed_gold_ppl,replay_gold_ppl,gold_ppl_abs_delta
longbenchv2-66eae4de5a08c7b9b35dd12d,C,C,True,True,True,True,1.0006913769242123,1.000691,3.769242122864114e-07
longbenchv2-66ebd3075a08c7b9b35e02bd,B,B,True,True,True,True,1.0139234409349445,1.013923,4.4093494455665905e-07
longbenchv2-66ebe0fb5a08c7b9b35e14f5,B,B,True,False,False,True,3.073549287562514,3.073549,2.875625142451099e-07
longbenchv2-66ec09ec821e116aacb19620,C,C,True,True,True,True,1.0004566332835338,1.000457,3.667164660825506e-07
longbenchv2-66ec1de5821e116aacb1adca,B,B,True,False,False,True,1.1261704501971315,1.12617,4.50197131574015e-07
longbenchv2-66ec25a5821e116aacb1b5d1,C,C,True,True,True,True,1.0033478998438063,1.003348,1.0015619356096295e-07
longbenchv2-66ec356a821e116aacb1c22b,A,A,True,False,False,True,1.9053538600515132,1.905354,1.399484867992129e-07
longbenchv2-66f245cc821e116aacb28698,B,B,True,False,False,True,2.743101219462636,2.743101219462636,0.0
longbenchv2-66f2aac2821e116aacb2a9de,C,C,True,False,False,True,11.34610747163031,11.34610747163031,0.0
longbenchv2-66f2b676821e116aacb2b27a,C,C,True,False,False,True,9.016299325923923,9.016299,3.259239225172905e-07
longbenchv2-66f2e0bc821e116aacb2bf37,B,B,True,False,False,True,7.181160061430195,7.18116,6.14301951529228e-08
longbenchv2-66f37eb9821e116aacb2d295,D,D,True,False,False,True,2.6245474485912146,2.624547,4.4859121439699834e-07
longbenchv2-66f3abe6821e116aacb2e1d2,A,A,True,False,False,True,5.183959186657512,5.183959,1.8665751255753094e-07
longbenchv2-66f41348821e116aacb30c89,A,A,True,False,False,True,11.189935338560307,11.189935,3.385603069006038e-07
longbenchv2-66f41e45821e116aacb30ec3,A,A,True,False,False,True,3.6462218281704173,3.646222,1.7182958256256597e-07
longbenchv2-66f52c6d821e116aacb32cb0,C,C,True,False,False,True,4.760240558288859,4.760241,4.4171114055302496e-07
longbenchv2-66f58d6c821e116aacb33e76,C,C,True,True,True,True,1.0140455921766363,1.0140455921766363,0.0
longbenchv2-66f6bcf3bb02136c067c2703,A,A,True,True,True,True,1.140338185515787,1.140338,1.8551578695458204e-07
longbenchv2-66f78ecfbb02136c067c2f12,C,C,True,False,False,True,1.9968486881475487,1.996849,3.118524514178489e-07
longbenchv2-66f8c6b4bb02136c067c4480,,,True,False,False,True,3.5305881669044465,3.5305881669044465,0.0
longbenchv2-66f91f2cbb02136c067c4b1e,D,D,True,False,False,True,3.0394296966507204,3.03943,3.033492794735082e-07
longbenchv2-66f9625fbb02136c067c5456,A,A,True,False,False,True,1.1510620143696422,1.151062,1.4369642142852967e-08
longbenchv2-66fa7f1dbb02136c067c6e6b,D,D,True,True,True,True,1.0012957264702083,1.001296,2.7352979170558456e-07
longbenchv2-66fbab85bb02136c067c81dc,C,C,True,True,True,True,1.0405722095802725,1.040572,2.09580272469978e-07
longbenchv2-66fe8eb3bb02136c067ca35f,C,C,True,False,False,True,6.42212741831108,6.422127,4.183110799971246e-07
longbenchv2-67040276bb02136c067cd8ae,D,D,True,False,False,True,1.1759999330355506,1.176,6.696444931897361e-08
longbenchv2-6704a83dbb02136c067cde1b,D,D,True,False,False,True,41.79536563186643,41.795366,3.681335698502153e-07
